brand,broadcast_images,primary_images,total_images
atlas_inc,6,34,40
bnf_bank,2,28,30
bonds,7,48,55
bov,76,45,121
cisk,61,63,124
citadel_inc,0,61,61
fabalcasa,11,32,43
forestals,4,50,54
go,10,73,83
greens,2,70,72
hotpoint,10,67,77
izibet,51,75,126
kitkat,13,44,57
lidl,15,55,70
lotto,19,20,39
lotto_quanterno,3,17,20
national_loterry,61,93,154
nso,7,32,39
poltronesofa,12,29,41
pavi_pama,7,49,56
scratchiz,5,36,41
super5,20,21,41
super5plus,5,11,16
virtue_ferries,6,41,47
visit_malta,37,48,85
wasteserv,3,26,29
