class,v8_instances,v8_TP,v8_FN_background,v8_FN_wrong_class,v8_background_rate,v8_correct_rate,v11_instances,v11_TP,v11_FN_background,v11_FN_wrong_class,v11_background_rate,v11_correct_rate
atlas_inc,3,0,0,3,0.0,0.0,3,3,0,0,0.0,1.0
bnf_bank,2,1,1,0,0.5,0.5,2,2,0,0,0.0,1.0
bov,65,2,63,0,0.9692307692307692,0.03076923076923077,65,9,56,0,0.8615384615384616,0.13846153846153847
cisk,25,1,24,0,0.96,0.04,25,2,23,0,0.92,0.08
go,3,0,3,0,1.0,0.0,3,0,3,0,1.0,0.0
greens,2,0,2,0,1.0,0.0,2,0,2,0,1.0,0.0
izibet,18,0,18,0,1.0,0.0,18,0,16,2,0.8888888888888888,0.0
lidl,2,2,0,0,0.0,1.0,2,2,0,0,0.0,1.0
lotto_quanterno,3,1,1,1,0.3333333333333333,0.3333333333333333,3,1,2,0,0.6666666666666666,0.3333333333333333
national_loterry,3,2,1,0,0.3333333333333333,0.6666666666666666,3,3,0,0,0.0,1.0
super5,3,1,2,0,0.6666666666666666,0.3333333333333333,3,1,1,1,0.3333333333333333,0.3333333333333333
virtue_ferries,2,0,2,0,1.0,0.0,2,0,2,0,1.0,0.0
visit_malta,17,0,16,1,0.9411764705882353,0.0,17,1,16,0,0.9411764705882353,0.058823529411764705
