filename,source
012dbcce-2023-07-17_frame000390.jpg,broadcast
012ddf42-2023-07-27_frame057272.jpg,broadcast
019be710-2023-07-24_frame071183.jpg,broadcast
02e3b6db-2023-08-13_frame062932.jpg,broadcast
05f4cf53-2023-08-08_frame059308.jpg,broadcast
0616f5ca-2023-08-13_frame068792.jpg,broadcast
069c257c-2023-08-12_frame045004.jpg,broadcast
073e1013-2023-08-10_frame055617.jpg,broadcast
093a48de-2023-07-20_frame057372.jpg,broadcast
0aa8eeda-2023-08-07_frame062910.jpg,broadcast
0ab0d860-2023-07-20_frame056922.jpg,broadcast
0ba2e3d9-2023-07-17_frame071554.jpg,broadcast
0d924223-2023-08-03_frame039619.jpg,broadcast
0f8a31b6-2023-08-08_frame019832.jpg,broadcast
115ecd5d-2023-07-19_frame056677.jpg,broadcast
13ce28f4-2023-08-13_frame060835.jpg,broadcast
153fc739-2023-07-18_frame041096.jpg,broadcast
16c95728-2023-07-20_frame055674.jpg,broadcast
172fb505-2023-07-23_frame000150.jpg,broadcast
17e15812-2023-07-20_frame058683.jpg,broadcast
1830358f-2023-07-22_frame058241.jpg,broadcast
18674508-2023-07-21_frame056370.jpg,broadcast
1b0aadcf-2023-08-05_frame058250.jpg,broadcast
1bb8bb7b-2023-07-27_frame054733.jpg,broadcast
1ce46ea0-2023-07-24_frame038883.jpg,broadcast
1d5c9e4e-2023-07-16_frame036306.jpg,broadcast
1f497cac-2023-07-20_frame053623.jpg,broadcast
207672dc-2023-07-17_frame067504.jpg,broadcast
22764df3-2023-07-17_frame072064.jpg,broadcast
230336ed-2023-08-03_frame040429.jpg,broadcast
248f011c-2023-07-22_frame058961.jpg,broadcast
261378f2-2023-07-17_frame071794.jpg,broadcast
2834b9cf-2023-08-02_frame034860.jpg,broadcast
287e05e1-2023-08-10_frame030774.jpg,broadcast
28928956-2023-07-20_frame055044.jpg,broadcast
28db666e-2023-07-28_frame057154.jpg,broadcast
29c659ae-2023-08-10_frame074962.jpg,broadcast
2ab22553-2023-07-19_frame056206.jpg,broadcast
2d276423-2023-07-19_frame056026.jpg,broadcast
2ecc1587-2023-08-03_frame040369.jpg,broadcast
2f7ae207-2023-07-24_frame070493.jpg,broadcast
2fd5e31a-2023-08-06_frame035721.jpg,broadcast
31ace08d-2023-08-07_frame066494.jpg,broadcast
32855944-2023-07-23_frame025299.jpg,broadcast
3425a492-2023-07-15_frame067796.jpg,broadcast
349da3c9-2023-07-20_frame054253.jpg,broadcast
3562b2a1-2023-07-15_frame050218.jpg,broadcast
359655e8-2023-07-19_frame057397.jpg,broadcast
35c010de-2023-07-16_frame036816.jpg,broadcast
36038fd3-2023-07-16_frame073603.jpg,broadcast
36901ed3-2023-07-17_frame000360.jpg,broadcast
397654cc-2023-08-01_frame037901.jpg,broadcast
3a642b46-2023-07-16_frame068173.jpg,broadcast
3d19f1aa-2023-07-22_frame056086.jpg,broadcast
3e17bc8b-2023-07-20_frame054523.jpg,broadcast
3e608c25-2023-08-06_frame055697.jpg,broadcast
3ff2421c-2023-07-17_frame071134.jpg,broadcast
43555ebf-2023-07-16_frame069883.jpg,broadcast
4456c9bd-2023-07-20_frame033937.jpg,broadcast
447a9b10-2023-08-12_frame045394.jpg,broadcast
44e8077d-2023-08-13_frame069152.jpg,broadcast
4527ac06-2023-07-18_frame041246.jpg,broadcast
46e827f7-2023-08-03_frame040999.jpg,broadcast
4715c426-2023-07-19_frame055756.jpg,broadcast
477e7f8f-2023-07-20_frame055764.jpg,broadcast
48c63d15-2023-08-05_frame000030.jpg,broadcast
49cd3c0f-2023-07-18_frame040736.jpg,broadcast
4adf03f7-2023-08-03_frame040159.jpg,broadcast
4b1c609c-2023-07-21_frame057090.jpg,broadcast
4bf02016-2023-07-21_frame056820.jpg,broadcast
4ca807b8-2023-07-27_frame073454.jpg,broadcast
4eaaac20-2023-07-17_frame071854.jpg,broadcast
5046cbdc-2023-08-15_frame050744.jpg,broadcast
5089dcd4-2023-07-18_frame040796.jpg,broadcast
50ac53c7-2023-08-06_frame069229.jpg,broadcast
51df80e5-2023-08-01_frame038231.jpg,broadcast
520d9ffa-2023-08-06_frame035661.jpg,broadcast
522efb09-2023-07-16_frame034086.jpg,broadcast
527f51d0-2023-07-21_frame053348.jpg,broadcast
52bfb35e-2023-08-05_frame036591.jpg,broadcast
553cb9bb-2023-07-18_frame041396.jpg,broadcast
558726c9-2023-08-08_frame059848.jpg,broadcast
584f2500-2023-07-15_frame051014.jpg,broadcast
5aaaf588-2023-07-26_frame000270.jpg,broadcast
5aec8eff-2023-07-21_frame000360.jpg,broadcast
5c6b195a-2023-08-03_frame039949.jpg,broadcast
5da56b0f-2023-07-27_frame040814.jpg,broadcast
5f442fb1-2023-08-10_frame071182.jpg,broadcast
5fdf1d03-2023-08-06_frame060369.jpg,broadcast
6040c139-2023-07-15_frame050248.jpg,broadcast
6087a74b-2023-07-22_frame000330.jpg,broadcast
61b3df7e-2023-07-16_frame036426.jpg,broadcast
61d62626-2023-07-28_frame062286.jpg,broadcast
61e369a9-2023-07-16_frame036096.jpg,broadcast
62599a12-2023-08-13_frame063472.jpg,broadcast
63695092-2023-07-27_frame055183.jpg,broadcast
63b082a8-2023-08-13_frame066221.jpg,broadcast
63d18095-2023-07-16_frame067873.jpg,broadcast
649a8977-2023-07-17_frame067564.jpg,broadcast
6525298a-2023-08-03_frame040249.jpg,broadcast
65ba4b4f-2023-07-28_frame049404.jpg,broadcast
663e7091-2023-08-10_frame055977.jpg,broadcast
675f5544-2023-07-19_frame055576.jpg,broadcast
68ec8eb3-2023-07-20_frame057282.jpg,broadcast
69686ac5-2023-07-18_frame040706.jpg,broadcast
6a24ca2e-2023-08-07_frame062460.jpg,broadcast
6b336e8a-2023-07-16_frame036936.jpg,broadcast
6b5787f3-2023-07-20_frame055494.jpg,broadcast
6c4c84cd-2023-07-18_frame042026.jpg,broadcast
6c668f94-2023-07-16_frame071893.jpg,broadcast
6d42ed4c-2023-07-15_frame000390.jpg,broadcast
6d9e8f7b-2023-07-15_frame000360.jpg,broadcast
6e47bb91-2023-08-06_frame054707.jpg,broadcast
6e63f70e-2023-07-16_frame036786.jpg,broadcast
70d9f3eb-2023-07-15_frame071416.jpg,broadcast
712e7eca-2023-08-06_frame057941.jpg,broadcast
71d9cd36-2023-08-01_frame068937.jpg,broadcast
72bd8a5d-2023-07-15_frame031485.jpg,broadcast
730e88f2-2023-07-20_frame000390.jpg,broadcast
75d39d3c-2023-07-28_frame049944.jpg,broadcast
75eee690-2023-07-18_frame000390.jpg,broadcast
76d17336-2023-07-18_frame040526.jpg,broadcast
78a84544-2023-08-06_frame056681.jpg,broadcast
78b77831-2023-07-22_frame057076.jpg,broadcast
7999df93-2023-07-18_frame042056.jpg,broadcast
7af69a96-2023-07-22_frame057706.jpg,broadcast
7b49954f-2023-08-03_frame039709.jpg,broadcast
7bf96584-2023-07-24_frame072263.jpg,broadcast
7c3096dc-2023-07-28_frame058054.jpg,broadcast
7cd419d1-2023-07-27_frame040874.jpg,broadcast
7cdb1e7a-2023-08-05_frame059938.jpg,broadcast
7d27e4cd-2023-08-01_frame037751.jpg,broadcast
7d45ee77-2023-07-18_frame040976.jpg,broadcast
7da91dc5-2023-07-28_frame056588.jpg,broadcast
7ee19174-2023-07-18_frame040916.jpg,broadcast
7ee7b3bc-2023-07-20_frame034057.jpg,broadcast
7f2aa6ad-2023-08-05_frame059488.jpg,broadcast
807835fe-2023-07-16_frame034236.jpg,broadcast
81d64c5d-2023-07-18_frame040466.jpg,broadcast
8295bc5e-2023-07-17_frame059281.jpg,broadcast
837ea4ec-2023-07-16_frame000420.jpg,broadcast
8413bded-2023-07-22_frame058421.jpg,broadcast
86b00fb4-2023-07-29_frame058094.jpg,broadcast
874b8754-2023-08-12_frame046894.jpg,broadcast
88324537-2023-07-21_frame054816.jpg,broadcast
899f144b-2023-07-16_frame074083.jpg,broadcast
89a3aa0a-2023-08-08_frame060478.jpg,broadcast
89f21261-2023-07-19_frame057127.jpg,broadcast
8b938136-2023-07-24_frame039153.jpg,broadcast
8be16d9b-2023-08-05_frame036291.jpg,broadcast
8be58e5a-2023-07-16_frame068263.jpg,broadcast
8ccd78c2-2023-07-16_frame000450.jpg,broadcast
902039fd-2023-07-24_frame038793.jpg,broadcast
9099e7cb-2023-07-17_frame071104.jpg,broadcast
93a84b55-2023-08-02_frame001456.jpg,broadcast
93f7db6e-2023-07-15_frame050744.jpg,broadcast
943c8436-2023-07-23_frame000240.jpg,broadcast
94d32bdb-2023-07-20_frame056742.jpg,broadcast
96155f8d-2023-08-01_frame037691.jpg,broadcast
9756cd4f-2023-07-18_frame043406.jpg,broadcast
977469f5-2023-08-04_frame059488.jpg,broadcast
97765cad-2023-08-12_frame045424.jpg,broadcast
988a340a-2023-07-21_frame054366.jpg,broadcast
9937fba4-2023-07-16_frame053049.jpg,broadcast
998fd4da-2023-07-20_frame000000.jpg,broadcast
9adf4afb-2023-07-16_frame072343.jpg,broadcast
9b1b1c26-2023-08-13_frame062752.jpg,broadcast
9b368249-2023-07-21_frame055266.jpg,broadcast
9c4314e4-2023-08-08_frame018932.jpg,broadcast
9ddbf078-2023-07-18_frame041486.jpg,broadcast
9e56a977-2023-08-04_frame032233.jpg,broadcast
a00c6f27-2023-08-07_frame063270.jpg,broadcast
a105a3b6-2023-07-29_frame000360.jpg,broadcast
a17896b5-2023-07-18_frame041186.jpg,broadcast
a187446b-2023-07-24_frame039453.jpg,broadcast
a2b762a2-2023-07-18_frame043436.jpg,broadcast
a2c6eb7a-2023-07-18_frame043166.jpg,broadcast
a314773f-2023-07-15_frame030165.jpg,broadcast
a3a4e605-2023-08-03_frame039140.jpg,broadcast
a41a08a2-2023-07-30_frame038235.jpg,broadcast
a482583a-2023-07-16_frame034476.jpg,broadcast
a57079cc-2023-08-01_frame000390.jpg,broadcast
a69e9e68-2023-07-16_frame067903.jpg,broadcast
a6c3ac49-2023-07-28_frame057784.jpg,broadcast
a6cc32fa-2023-07-18_frame053176.jpg,broadcast
a6fb9307-2023-07-15_frame068006.jpg,broadcast
a8bfc7a2-2023-07-21_frame072758.jpg,broadcast
a8c2be7d-2023-08-07_frame067632.jpg,broadcast
a9942778-2023-08-15_frame054074.jpg,broadcast
a9b66c3d-2023-08-08_frame059488.jpg,broadcast
aa89548d-2023-08-13_frame066761.jpg,broadcast
aac551e2-2023-07-27_frame057092.jpg,broadcast
ab62c727-2023-07-20_frame056124.jpg,broadcast
abbd63b6-2023-07-19_frame057217.jpg,broadcast
ac1e3f8d-2023-08-07_frame065144.jpg,broadcast
ac92034b-2023-07-16_frame034176.jpg,broadcast
ace13027-2023-07-20_frame054613.jpg,broadcast
ade6301c-2023-07-22_frame038194.jpg,broadcast
ae642c67-2023-07-16_frame036246.jpg,broadcast
aea1b8b3-2023-07-16_frame036216.jpg,broadcast
b1cfc89f-2023-08-08_frame060838.jpg,broadcast
b226b6ac-2023-07-18_frame043196.jpg,broadcast
b2ad1c22-2023-08-08_frame032163.jpg,broadcast
b323722f-2023-07-17_frame067084.jpg,broadcast
b4809a59-2023-07-20_frame058053.jpg,broadcast
b481c7fc-2023-07-29_frame000030.jpg,broadcast
b5756c86-2023-07-29_frame056117.jpg,broadcast
b6278d33-2023-07-20_frame053263.jpg,broadcast
ba62e2f9-2023-07-20_frame067798.jpg,broadcast
ba93f3fc-2023-07-22_frame000000.jpg,broadcast
bb336b8c-2023-07-28_frame058234.jpg,broadcast
bc7582e3-2023-07-18_frame041576.jpg,broadcast
bc86a5c4-2023-07-18_frame040676.jpg,broadcast
bd20d489-2023-08-07_frame066044.jpg,broadcast
be37de78-2023-07-15_frame031515.jpg,broadcast
bfe9752e-2023-07-29_frame058004.jpg,broadcast
c049f446-2023-07-29_frame055217.jpg,broadcast
c0b21d93-2023-07-16_frame034326.jpg,broadcast
c0ef1cb0-2023-08-07_frame065684.jpg,broadcast
c10696cb-2023-07-18_frame040766.jpg,broadcast
c11648cb-2023-07-22_frame057436.jpg,broadcast
c1dcce26-2023-07-15_frame053894.jpg,broadcast
c2559a69-2023-07-16_frame073573.jpg,broadcast
c3508566-2023-07-18_frame042956.jpg,broadcast
c5703edf-2023-07-15_frame054074.jpg,broadcast
c64628a1-2023-08-06_frame056951.jpg,broadcast
c6589b54-2023-07-19_frame056767.jpg,broadcast
ca287a7b-2023-07-24_frame038613.jpg,broadcast
ca5dab48-2023-07-18_frame000420.jpg,broadcast
ca8d1e12-2023-07-15_frame030375.jpg,broadcast
cd212a62-2023-08-06_frame070699.jpg,broadcast
cd2450b3-2023-07-20_frame058233.jpg,broadcast
cd2f65a3-2023-07-16_frame071923.jpg,broadcast
cd3fb23b-2023-07-18_frame040286.jpg,broadcast
cd476e80-2023-07-18_frame041546.jpg,broadcast
cdc82c3f-2023-07-22_frame000180.jpg,broadcast
ce3100ce-2023-08-05_frame059218.jpg,broadcast
d10ffaf5-2023-07-24_frame038733.jpg,broadcast
d3c12e73-2023-07-27_frame056552.jpg,broadcast
d63d6826-2023-07-21_frame053618.jpg,broadcast
d6a175f7-2023-07-29_frame057017.jpg,broadcast
d6ef96af-2023-07-16_frame036066.jpg,broadcast
d70b1951-2023-07-18_frame040346.jpg,broadcast
d7758666-2023-07-22_frame036274.jpg,broadcast
d7a749a1-2023-08-05_frame059758.jpg,broadcast
d822c678-2023-07-27_frame056192.jpg,broadcast
d8ef1cea-2023-07-16_frame034356.jpg,broadcast
d981adfc-2023-08-02_frame034800.jpg,broadcast
d9dc81d5-2023-07-24_frame038643.jpg,broadcast
da06a5e2-2023-07-20_frame034297.jpg,broadcast
dab5c622-2023-07-24_frame039063.jpg,broadcast
db10c031-2023-07-18_frame041216.jpg,broadcast
db56b9e6-2023-07-15_frame030495.jpg,broadcast
dd1a16f4-2023-07-21_frame072728.jpg,broadcast
dd70386a-2023-07-21_frame056190.jpg,broadcast
dd7b7291-2023-08-02_frame034350.jpg,broadcast
ddcdd3cd-2023-07-22_frame059051.jpg,broadcast
ddea8e4c-2023-08-06_frame057581.jpg,broadcast
df58d78e-2023-07-17_frame072304.jpg,broadcast
df984106-2023-08-05_frame059668.jpg,broadcast
e21ffd78-2023-07-18_frame041156.jpg,broadcast
e2fb7f54-2023-07-22_frame057616.jpg,broadcast
e3afa9b5-2023-07-18_frame053146.jpg,broadcast
e3f56087-2023-07-15_frame071386.jpg,broadcast
e44c667f-2023-07-16_frame068923.jpg,broadcast
e49aa4c4-2023-08-07_frame060741.jpg,broadcast
e4bd4814-2023-07-22_frame057526.jpg,broadcast
e4dd7d8e-2023-08-08_frame059578.jpg,broadcast
e5d4c8db-2023-07-15_frame031455.jpg,broadcast
e65da30d-2023-08-07_frame060201.jpg,broadcast
e6b28fa7-2023-08-01_frame000270.jpg,broadcast
e70660a9-2023-08-10_frame056427.jpg,broadcast
e91b5957-2023-07-16_frame067453.jpg,broadcast
e94459a5-2023-07-29_frame053422.jpg,broadcast
e956d8bc-2023-08-01_frame000000.jpg,broadcast
e97e9b06-2023-07-16_frame034146.jpg,broadcast
ea750cf4-2023-07-28_frame051258.jpg,broadcast
eace7f7a-2023-07-16_frame037146.jpg,broadcast
eb089298-2023-07-15_frame053984.jpg,broadcast
ecaadd38-2023-07-19_frame055846.jpg,broadcast
ecf16656-2023-07-16_frame069703.jpg,broadcast
ecfe1002-2023-07-15_frame050924.jpg,broadcast
eee50c1b-2023-07-20_frame054073.jpg,broadcast
f1189541-2023-07-24_frame039243.jpg,broadcast
f25f6118-2023-07-19_frame056947.jpg,broadcast
f27a3b20-2023-07-16_frame036336.jpg,broadcast
f34f65b1-2023-07-18_frame040646.jpg,broadcast
f66e9b99-2023-07-15_frame050654.jpg,broadcast
f725cb70-2023-07-19_frame055396.jpg,broadcast
f881a62c-2023-07-28_frame065166.jpg,broadcast
f8998494-2023-07-19_frame056587.jpg,broadcast
f8be29bb-2023-07-16_frame036366.jpg,broadcast
fa2987fb-2023-07-17_frame066364.jpg,broadcast
fa4094f5-2023-07-17_frame066604.jpg,broadcast
fa451537-2023-07-28_frame061746.jpg,broadcast
fc864043-2023-07-18_frame041366.jpg,broadcast
fe13a66c-2023-07-16_frame067963.jpg,broadcast
ffcff2ce-2023-07-16_frame072373.jpg,broadcast
007e36a6-Screenshot_2026-05-29_at_17.33.39.png,primary
0080a897-Screenshot_2026-05-29_at_10.34.16.png,primary
00a9f3b0-updated-st-julians.png,primary
00e4b784-516546082_24402565122661444_2840531485707122498_n.jpg,primary
0122fb57-nso.jpg,primary
01660309-Screenshot_2026-05-29_at_18.26.25.png,primary
017bb651-484442156_1042018647957201_6408859001900557969_n.jpg,primary
017d2a1c-ufficcju_mta_polonja.jpg,primary
0235ea01-106094336_3556163394413551_1316740731293997963_n.jpg,primary
0256cefc-702996132_1385945586897837_7480415296146174294_n.jpg,primary
0283585a-Screenshot_2026-05-24_at_10.47.34.png,primary
0287c761-Screenshot_2026-05-31_at_17.47.07.png,primary
02c766ec-Lidl-slogan-banner.jpg.jpg,primary
02e69d8e-642747907_1317477547077975_1388896058627914520_n.jpg,primary
02f6efaf-514489257_1267361715393013_5430047584437881674_n.jpg,primary
02ff4657-589907273_787724440928103_1221629056389009657_n.jpg,primary
031d94e1-515441708_24365015633083060_5385989574596562436_n.jpg,primary
034eb715-474793023_1038435658316470_8807029269384792582_n.jpg,primary
0438a55f-494008928_690654240142545_7944038661439238938_n.jpg,primary
048b5cf2-481997070_1157732812689886_475758847798028198_n.jpg,primary
04b8808c-701480400_1431732188997522_8789298694314982025_n.jpg,primary
0531a476-484482314_3570795616390843_1096786121246230735_n.jpg,primary
05325f87-april-8-2022-ta-qali-malta-malta-centenary-stadium-080421-uefa-fifa-m_HfA2AzJ.jpg,primary
053d2b17-475721168_1049053303932081_2541808438885508404_n.jpg,primary
055eeaad-Screenshot_2026-04-23_at_16.25.51.png,primary
05adb1a4-Screenshot_2026-05-24_at_11.15.02.png,primary
05fce258-510931277_29920031214312162_487116715421098992_n.jpg,primary
05fde3ac-69982442_2515191828550466_2066723290579206144_n.jpg,primary
06404a77-465913934_9319622471400919_3452180376528999928_n.jpg,primary
069e46b6-67a617dd69500b2f7220e4bb-kitkat-chocolate-assorted-sweetness-68.jpg,primary
06dc184b-511551586_29920028734312410_7898799369592421909_n.jpg,primary
07141d4b-201259480_1969791393179789_5824948228739859087_n.jpg,primary
079b2795-Screenshot_2026-05-27_at_20.14.04.png,primary
07ba0bf0-70534526_2513025078767141_5753758993990287360_n.jpg,primary
0846815a-597896852_1162399659362783_9020183367739198324_n.jpg,primary
08a7c5e1-468536351_10160734613403367_5392268867612600204_n.jpg,primary
08bb2380-hotpoint-log4x.png,primary
098c2150-480848510_955724923343727_8531019738964248867_n.jpg,primary
098ed735-Screenshot_2026-04-24_at_16.49.27.png,primary
09dfe1a4-581830548_1424680892996460_4637259285148871253_n.jpg,primary
0a0c4cb3-Screenshot_2026-05-22_at_12.17.32.png,primary
0a43240e-Screenshot_2026-04-29_at_16.12.23.png,primary
0a546d32-58708058_2568882613187058_4676321797308678144_n.jpg,primary
0ad08055-Screenshot_2026-05-24_at_11.11.45.png,primary
0ad320fc-505915888_10055785334491040_2890084115872725705_n.jpg,primary
0ae71206-480572491_637899772084659_876471784081107477_n.jpg,primary
0b906ecf-ejqojfq.jpg,primary
0b91335f-525927979_1202747388557874_769235265056217081_n.jpg,primary
0be6ea84-471196986_10161248216873978_3238933317284410233_n.jpg,primary
0bf88a62-Lucky_Chamrs_purple_Before-After-Tickets_380x285_Scratched.png,primary
0c223d08-505231435_122159712524516484_2969272520331880050_n.jpg,primary
0c9e26ea-476800301_632898159251487_3268178251722810376_n.jpg,primary
0cbbf91a-512760052_10042486872455097_8727094755620116510_n.jpg,primary
0d0a0c5e-Screenshot_2026-05-24_at_10.56.03.png,primary
0d18af1d-1631337413792.jpeg,primary
0d7723b2-Screenshot_2026-05-23_at_19.15.51.png,primary
0d89a91a-480736380_932887649015475_8192687846642120464_n.jpg,primary
0de5d18f-1308871_Lidl-Christmas-TV-ad.jpg,primary
0e0e7bde-unnamed.webp,primary
0e3824b2-480298925_1202186765242990_9141896922249731564_n.jpg,primary
0e824c16-file.aspx.jpeg,primary
0ead72c3-485362942_1227847836010216_1893307258931339953_n.jpg,primary
0f0ed81a-Screenshot_2026-04-24_at_15.54.05.png,primary
0f410537-500797263_1241211951341323_50818175889914225_n.jpg,primary
0f60d0fd-image-2.jpg,primary
10739141-Cover-01-e1704636950768.png,primary
10a163d4-479eb833012459.569cf6d8302f9.jpg.webp,primary
10ce6981-1.png,primary
10da42dc-images-7.jpeg,primary
10fe5a96-Screenshot_2026-05-24_at_13.05.50.png,primary
1117251a-492a43b61eafb1cddc229dd855a9dab4e467d6c8-1658771750-221a4930-1920x1280.png,primary
113b7070-468213314_10160688338738367_6562217195261765158_n.jpg,primary
1156b6f2-482806987_122178311294264181_3086308186768837416_n.jpg,primary
116278d1-668716081_1262136842698139_5686753733776399752_n.jpg,primary
1176d581-691678663_1448855943947016_3217528049216130984_n.jpg,primary
120e9d59-675045722_1521605593301956_6850477485982621546_n.jpg,primary
122e4afe-480849820_645699121304724_2062369987933142666_n.jpg,primary
126969f7-images_2.jpeg,primary
12872903-Screenshot_2026-05-24_at_11.10.20.png,primary
12c506bb-494148801_1264514645676868_2890267383787138342_n.jpg,primary
131020db-Screenshot_2026-05-30_at_21.50.27.png,primary
131bda2c-Screenshot_2026-05-24_at_11.59.30.png,primary
132698d3-Screenshot_2026-05-30_at_21.49.46.png,primary
133667ae-7277fe525d656e610acb9f6cbc2d371d1f9a163a-1732118108-22703a9b-1920x1280.jpg,primary
134a4d37-494003401_1264513499010316_4173164936826429990_n.jpg,primary
13be557f-Screenshot_2026-05-31_at_22.17.14.png,primary
143ee210-69997436_2515192338550415_6054777261603684352_n.jpg,primary
144d8625-494145644_1264513802343619_1665818775970431405_n.jpg,primary
14ae2f9a-529698736_1208990621266884_7059661621315910878_n.jpg,primary
14ec338a-Screenshot_2026-05-24_at_11.21.48.png,primary
15ce978c-671999010_1521614453301070_3135324702785558551_n.jpg,primary
15ee4b1f-509599275_24029468963314227_4318752280926966860_n.jpg,primary
160009a0-Screenshot_2026-05-30_at_19.09.02.png,primary
17224fd2-476018538_1049053383932073_8342741366083393853_n.jpg,primary
17796369-74834202_2514537978583395_7717296880694067200_n.png,primary
1813d29e-Screenshot_2026-05-29_at_19.20.52.png,primary
18325abb-izibet-300x152.png,primary
18334a87-514592169_24367420176175939_6500376271090600995_n.jpg,primary
1862a47f-337298134_595818299273643_515937361432695843_n.jpg,primary
187ad4f1-485782005_3575990255871379_4894070294057309604_n.jpg,primary
1884e864-E1331471-630B-4BBE-8EA4-323072407FE3.jpeg,primary
18b32844-fnigi43wg.jpeg,primary
1989ce4a-6657476aa102ba25f50ba678_visit-malta-logo.png,primary
1999fcc3-kitkat_tablets_no_new.png.jpg,primary
19d122a2-Screenshot_2026-05-29_at_17.32.09.png,primary
19d4ca1d-593928913_1406902471438936_1253112145461670397_n.jpg,primary
1a243c5c-654697579_26952609207675640_401284930912022751_n.jpg,primary
1a88b05f-Screenshot_2026-05-24_at_11.17.54.png,primary
1ab20016-591164002_18548911597000436_2998408883714819335_n.jpg,primary
1af00768-Screenshot_2026-05-29_at_15.06.30.png,primary
1b0116f7-Shutterstock_2229198377.jpg,primary
1b1e6b67-Screenshot_2026-05-22_at_18.45.50.png,primary
1b5b28e5-546416356_1362936252504258_5672320020461013599_n.jpg,primary
1b84304c-images_1.jpeg,primary
1c1e7817-Screenshot_2026-05-23_at_20.30.47.png,primary
1cd174e4-images_13.jpeg,primary
1d2849f8-480558342_643578744850095_317469928392218601_n.jpg,primary
1dc5433a-unnamed.jpg,primary
1e074274-514310894_24094082093519580_4301001573752590445_n.jpg,primary
1e1ea86a-Screenshot_2026-05-24_at_12.56.10.png,primary
1e7c293a-120894861_3499244066763351_3530954619283843510_n.jpg,primary
1e8e8d7f-NM11946WCAUKN_2_Supersize.jpg,primary
1f7c8977-505597158_10042437255825848_6857645991113137442_n.jpg,primary
1fefd09f-Screenshot_2026-05-22_at_12.17.07.png,primary
2024a044-caption.jpg,primary
2047d4ae-Lidl-Christmas-ad-still-10.png,primary
208961a0-500890148_9950224618380446_101528910727064312_n.jpg,primary
20b52b03-Screenshot_2026-05-22_at_14.44.12.png,primary
212801b7-malta-lotto-game-promo.png,primary
21979473-50461275_2227775420607647_8131689730732457984_n.jpg,primary
21b42f82-Screenshot_2026-04-30_at_13.21.46.png,primary
21fd5105-Screenshot_2026-05-24_at_12.52.18.png,primary
223e6eac-485691917_9326225750747883_1710106438739237964_n.jpg,primary
227109a1-480457803_1202186738576326_3140520868020558280_n.jpg,primary
2281e256-468935699_122125735196516484_5287950336094049119_n.jpg,primary
23089d7a-Screenshot_2026-05-24_at_11.15.30.png,primary
230d3187-745f6c72382611.Y3JvcCw4MjAsNjQxLDAsODk.jpg,primary
23c211a2-475577395_629973809447600_8020199184387477927_n.jpg,primary
23d0b93b-34984208_1032381963587408_4794356131487023104_n.jpg,primary
23d5ef87-58649479_2568887899853196_778641694902976512_n.jpg,primary
25a9e449-virtu_ferries_cover.jpeg,primary
26028a35-images_5.jpeg,primary
26645ab0-images.jpeg,primary
26ecbcc7-672672646_1521613786634470_5545598580473284777_n.jpg,primary
274e8dd6-512665046_24208076395496007_3901226818056804667_n.jpg,primary
278e8843-Screenshot_2026-04-30_at_13.41.41.png,primary
27a08693-120857829_10157713652288367_8775104578219353559_n.png,primary
2807cda6-Before-After-Tickets_380x285.png,primary
28f83aee-images_2.jpeg,primary
2969adc9-486064705_1075706307936605_4076617747566495744_n.jpg,primary
29e988e8-Screenshot_2026-05-22_at_12.43.38.png,primary
29eb1fba-Lovin-malta-Article-image-1024x576.jpg,primary
2a2a7529-images_8.jpeg,primary
2a720049-481237490_1157093946087106_3033961440788052071_n.jpg,primary
2aa28d77-Citadel-Spiral-Delphi-Conference_05.jpg,primary
2aa5df93-652418907_1249221750520639_8167796548739008193_n.jpg,primary
2ad42ca7-w1200_h675_x1796_y1347_bcaa1b20162975ca.jpg,primary
2b03d9c1-Screenshot_2026-05-06_at_11.29.00.png,primary
2b068d04-686305379_1404001905107042_4419802107294949546_n.jpg,primary
2b585a82-VallettaGoal-720x405.jpg,primary
2b5fc78b-515834952_24401785046072785_5928460449910915589_n.jpg,primary
2bd197cf-580924834_122182188794516484_7999797900878933248_n.jpg,primary
2bf6e530-Screenshot_2026-04-30_at_13.21.22.png,primary
2bfd87c8-1655325668863.jpeg,primary
2c050c73-472715316_3144989892308099_4093501004964346166_n.jpg,primary
2c3e223a-508169452_3142045035954413_4408626012277803984_n.jpg,primary
2c5b6030-505940728_3137289039763346_6543586054176760289_n.jpg,primary
2ca3d6bc-41514506_2117918424950148_8319706270621761536_n.jpg,primary
2cf82057-508299997_23986517217609402_840046468063121075_n.jpg,primary
2d1729ec-493319867_1264513589010307_6913324382577014749_n.jpg,primary
2d8a55de-69f35b1fe02075ecd87e3972_BNFBANK_RGB_Inv-2.png,primary
2e043581-710122337_1300788972166259_8132301293700161711_n.jpg,primary
2e230b39-malta-july-10-2024-tourist-260nw-2708965619.jpg.jpg,primary
2e7d41c1-ScratchiZ-DIGI_Before-After-Cards_Maltese-Treasures_A.jpg,primary
2ee743a2-479883553_10161031109488367_6118504557532183584_n.jpg,primary
2f3d5ce4-488752500_1101359335339189_1453506560000064102_n.jpg,primary
2f5e2818-Screenshot_2026-05-31_at_23.04.02.png,primary
2f910de0-Screenshot_2026-04-30_at_12.33.46.png,primary
2fe5eecf-506465940_3142122292613354_6881780956312063093_n.jpg,primary
2ffe2825-512623683_1262843222511529_7501925828591463030_n.jpg,primary
300ebb32-Izibet-FA-Trophy-ball.jpeg,primary
304152b9-494334529_9736819983054245_1096380412591959937_n.jpg,primary
305c4737-701274437_1455511723281438_3765192178776603373_n.jpg,primary
308a64f9-481042653_2359081011134529_4233798915052668281_n.jpg,primary
30bce305-484732275_1227848296010170_1746650100972901929_n.jpg,primary
30da7aaa-Screenshot_2026-05-30_at_21.50.57.png,primary
31220f6e-Screenshot_2026-05-27_at_19.27.48.png,primary
31575485-76601267_2690941247593641_7220333512023343104_n.jpg,primary
31793c2f-480040450_1202186745242992_2103703417096772082_n.jpg,primary
31e4271a-515725796_24401641112753845_5375965055960719854_n.jpg,primary
31fee3c3-71038661_2515191121883870_2344441008424484864_n.jpg,primary
3274eecc-472928336_9063230480413202_5077856681721460951_n.jpg,primary
3298e481-483678621_122178968330264181_5270159283943676377_n.jpg,primary
3377f021-Screenshot_2026-05-24_at_12.53.33.png,primary
337f793c-493706985_1213720734090445_3457436067946856041_n.jpg,primary
3473feac-Citadel_Insurance_idjDLyllFj_0.png,primary
34825062-Screenshot_2026-04-23_at_16.24.58.png,primary
34939252-Screenshot_2026-05-22_at_15.44.42.png,primary
3607fb4a-for-group-100.jpg,primary
36621638-514395500_24138966292364493_6790410290566920574_n.jpg,primary
3673ecf7-Screenshot_2026-05-29_at_15.11.35.png,primary
368bae86-673446911_1521608489968333_8244765477302661907_n.jpg,primary
36cb3320-2020-10-12.jpg,primary
36e0b5ea-output_still_image_36f45fbf-4c0a-4cdb-b61f-62258bbfd3d9.jpg,primary
3755bfa8-507139459_9958959567474495_2638981487187637322_n.jpg,primary
37760def-a1cd7e13c06db51f6798980c08ee246b2bc07594-1624885759-1f55be44-960x640.jpg,primary
378096c5-Phoenicia_FranStivala-43-scaled.jpg,primary
378a4349-PAVIPAMA-CMYK.jpg,primary
37cad3ea-Screenshot_2026-04-23_at_16.26.06.png,primary
37e4ec25-Screenshot_2026-05-24_at_11.18.38.png,primary
37f4184e-672240774_1521611919967990_3216567674711375364_n.jpg,primary
37ff6b07-Screenshot_2026-05-22_at_19.42.51.png,primary
387473a1-655958731_26982261381377089_7535771380983832258_n.jpg,primary
38753178-48409368_10156048321178367_4623987354518945792_n_copy.png,primary
38a57387-506449635_3138904806268436_7940466270585020526_n.jpg,primary
390d3353-Screenshot_2026-05-31_at_23.03.05.png,primary
392676d7-588121431_122184004268516484_3192849331297282551_n.jpg,primary
3931353b-images_2.jpeg,primary
3966c65c-508229523_10093415137394726_7950351438800805995_n.jpg,primary
39864434-502464676_1109087481249177_8437375614003368698_n.jpg,primary
39def836-hotpoint-blackline-built-in-compact-microwave-oven-with-dynamic-crisp_tNPq0rL.jpg,primary
39f2b689-672687315_1521606413301874_5716124319647302057_n.jpg,primary
3a27135f-04507db5-39ad-4937-a8eb-74ce4ba899eb.jpg,primary
3a39f80f-505762120_1251110993684752_3476163039422195613_n.jpg,primary
3a3ca600-468482599_10160713404073367_1467583244498789790_n.jpg,primary
3a5a36df-480570701_956164916633061_5604145464633171699_n.jpg,primary
3a65d6b1-572270793_1224688263023571_2916239639555747694_n.jpg,primary
3aa9e9c7-55521014_2350484854962670_2368998325752954880_n.jpg,primary
3af27446-48404138_2420042614692307_4806332136690810880_n.jpg,primary
3bac95d8-Screenshot_2026-05-27_at_20.30.33.png,primary
3bb50031-337278843_595754332178557_1018295093957849851_n.png,primary
3bba780a-481067349_952543090324184_5895354872983356685_n.jpg,primary
3c1b079e-ScratchiZ-DIGI_Before-After-Cards_Tombola_A.jpg,primary
3c5ee7a9-371293_lidlmoretovaluecampaign_136418_crop.jpg,primary
3c753c3c-550065965_122174516540516484_2614221489829088986_n.jpg,primary
3cb3847a-38364_2.jpg,primary
3cd4ea01-483486593_1076462547857823_4262118742669542489_n.jpg,primary
3dd65e35-Screenshot_2026-05-22_at_18.02.00.png,primary
3e03025c-ScratchiZ_Sizzling_7s_1920x1080px.png,primary
3e399a5f-501750574_1241210008008184_3898040107272607148_n.jpg,primary
3e3ede56-Screenshot_2026-05-23_at_17.01.24.png,primary
3e45ae98-653978024_26952609467675614_3190187471005765576_n.jpg,primary
3e5ca8c0-480774140_641787838362519_5932849708553929526_n.jpg,primary
3e72f309-Lucky_Chamrs_purple_Before-After-Tickets_380x285.png,primary
3ecde5ba-images.png,primary
3f04ba81-images-11.jpeg,primary
3f3b818e-b390f792-ecc5-4fdf-81f3-d8a5f4354d61.png,primary
3f3fdbb4-484814892_656822006859102_5005782825688445098_n.jpg,primary
3f53dcaa-Izibet-small.jpg,primary
3f607189-Nestle-Kit-Kat-Logo-Vector.svg-.png,primary
3f8700d0-653806868_1379516760885732_7386450372042903472_n.jpg,primary
3fb1499d-473014111_8498343930270695_5807477641796435055_n.jpg,primary
4037b336-119196047_3380090015393972_4550367355626249709_n.jpg,primary
406b89eb-Screenshot_2026-05-31_at_22.13.32.png,primary
4105b79b-515935743_24401641179420505_1235900220046224880_n.jpg,primary
41231e33-703376038_1387534480072281_8756570057452432396_n.jpg,primary
414d48be-708928447_1467182642114346_5477436480824792932_n.jpg,primary
41c03bf5-697793059_1381799667312429_3572541948209528737_n.jpg,primary
42231453-69888007_2515190508550598_6844054979158736896_n.jpg,primary
428c6d63-673526336_1521614913301024_3282874824048504858_n.jpg,primary
43092ccc-554482865_1233694535468033_7185876479310660055_n.jpg,primary
433e363c-385850618_694203659405370_766225197874239555_n.jpeg,primary
43849c3d-486606344_1094971796002101_2765787516174740353_n.jpg,primary
43e3c95b-Screenshot_2026-05-30_at_21.52.24.png,primary
446bddc3-512610084_24056838623910594_3106786669349253032_n.jpg,primary
448b2a74-655012721_1404341478398463_8578120360440485612_n.jpg,primary
448bc0eb-480176811_637907895417180_3219019347277593971_n.jpg,primary
44960a32-502567497_1147574200717702_6461791255153563824_n.jpg,primary
449dfccc-515764375_24390905620494061_6166308719785092025_n.jpg,primary
44db85f4-KitKat-Chocolate-Pack.jpg,primary
4533587f-Screenshot_2026-05-24_at_10.47.30.png,primary
45965a72-Screenshot_2026-05-29_at_10.33.45.png,primary
45de789d-file.jpeg,primary
460880f9-image-1.png.jpeg,primary
4613f78f-280715019_5391118364285094_1964240830526399663_n.png.jpeg,primary
4647cd74-unnamed-2.png,primary
4656cbd4-510643298_10029259213777863_7791210751429884894_n.jpg,primary
468b1014-virtu_ferries_saint_john_paul_ii.jpeg,primary
46f74e89-78585714_10156851113368367_4087194434830073856_n.png,primary
47163d73-hfey38yr2.jpeg,primary
47544747-images-6.jpeg,primary
47627d65-464438375_8730861613601544_4242690615107312339_n.png,primary
47a56cf3-117770665_3448519245159220_6298755159693126835_n.jpg,primary
47c20179-479734317_661621669590721_5386643896059409571_n.jpg,primary
483357e8-73048926_2352203111558716_5347062952979595264_n.jpeg,primary
4899d2c4-497653023_10161363384253367_5874915085440401045_n.jpg,primary
489ff13c-515269404_24124059813855141_1976917050185849605_n.jpg,primary
48b38e41-513706606_10065770290126755_2231793530960476220_n.jpg,primary
48be34ca-wasteserv-1.jpg,primary
48e59f8b-659157414_1345780007581062_2376126536982540686_n.jpg,primary
491f35ca-480815802_951488040429689_7891758331099146989_n.jpg,primary
495f4ece-images-5.jpeg,primary
49e0f7e8-476642815_9230604653675783_451024997781639976_n.jpg,primary
4a1effae-673798497_1521615806634268_1706306366507214767_n.jpg,primary
4a52d21d-485770469_9476599929076253_990685818278954351_n.jpg,primary
4a9729a6-Screenshot_2026-05-29_at_10.35.12.png,primary
4b76e1f2-480958809_654127573673464_73911585100364329_n.jpg,primary
4b9585ce-550x400px-1.png,primary
4bbe7dad-490758424_3545039435798409_6729793098337764780_n.jpg,primary
4bcacaa2-v-saint-john-paul-ii.jpg,primary
4bf7653a-505380588_10055785297824377_8110891159353581198_n.jpg,primary
4c3af16d-485369225_1045562684269464_8094279930032180527_n.jpg,primary
4c76b6cb-481059420_2361582200884410_2807110139559402062_n.jpg,primary
4c8d4066-more_to_value_pr_photo_.jpeg,primary
4d0b69e0-Screenshot_2026-04-30_at_10.48.54.png,primary
4d2d094e-images_2.jpeg,primary
4d30603c-322480232_1848481508881904_261824398573797846_n.png,primary
4d57615c-481456802_1151771073286060_8041495236141342538_n.jpg,primary
4ded9bbe-584422423_1302440138588598_1588703422457798510_n.jpg,primary
4e1fdbf1-Screenshot_2026-04-30_at_10.30.02.png,primary
4e3cefd0-images_1.jpeg,primary
4e46aa07-Logo-white-with-orange.jpg,primary
4e6c2253-maxresdefault.jpg,primary
4e990258-Large_Austal_new_order.jpg,primary
4eef04e7-670396631_1425079736324637_5469049530009002186_n.jpg,primary
4f065ccc-584984557_1286181113552631_3921331441757569769_n.jpg,primary
4f2acd6e-8..png,primary
4f37ca80-321797659_903552380643767_9080992767298524844_n.jpeg,primary
4fc0a06c-FOTO-VISIT-MALTA-1.jpg,primary
4fde17a6-473369747_9088923627843887_6158392890635918867_n.jpg,primary
4feb3375-Screenshot_2026-05-23_at_19.44.21.png,primary
4ffa9b41-Screenshot_2026-05-22_at_14.33.57.png,primary
50286ef8-38364.jpg,primary
502ba00f-501634368_1109087654582493_6541423660080430602_n.jpg,primary
5049866e-images_3.jpeg,primary
50531588-480116339_637897255418244_2740173563121299725_n.jpg,primary
505b855a-kit-kat-logo-vector-free-download-11574235319fp2rsxnflf.png,primary
508409e8-how_to_play_Lotto_Video.png,primary
50de81cb-834e2c9e4eddea1c8f93ce15d209489f9c6e963b-1920x1080.jpg,primary
5134d890-476352481_122135879894516484_7410351029017173463_n.jpg,primary
51b7ab6a-gettyimages-2169702698-612x612.jpg,primary
51e398ec-maxresdefault.jpg,primary
51fdd653-494053758_1264513599010306_2966960660993768600_n.jpg,primary
51fe5cf1-61984278_1299251050233830_5318342871743463424_n.jpg,primary
52254747-493887374_1214645043998014_706285776102794589_n.jpg,primary
525ccb35-335905046_726856115756864_5521734716117365851_n.png,primary
5291c5c4-Screenshot_2026-05-29_at_10.35.23.png,primary
52c013f6-Screenshot_2026-05-29_at_17.33.59.png,primary
52d5bdec-1_Lidl-logo-on-the-supermarket.jpg.jpg,primary
52f7b141-images-12.jpeg,primary
53410a8d-GO-resized.jpg,primary
534ff7d2-images_7.jpeg,primary
5353e67c-328439886_1325981504918140_3016676494900613418_n.png,primary
53fb5922-Screenshot_2026-05-29_at_14.05.39.png,primary
54199ddb-69f35b1fe02075ecd87e3972_BNFBANK_RGB_Inv.png,primary
54419724-Screenshot_2026-05-29_at_10.32.26.png,primary
54aaeec8-Screenshot_2026-04-24_at_15.52.10.png,primary
54aebdd8-Bugibba-outlet-go.png,primary
54e66359-Screenshot_2026-05-22_at_18.47.04.png,primary
558a2146-71064657_2509771329092516_88191269318164480_n.jpg,primary
55b7dc71-69828948_2515191058550543_1700083222672572416_n.jpg,primary
566efde2-482117526_122178146240264181_3407037671071101505_n.jpg,primary
56e770a3-Screenshot_2026-05-24_at_10.52.33.png,primary
572a4de7-Screenshot_2026-05-22_at_18.09.09.png,primary
573f5fdc-658124825_1374487271391839_3664639732015040694_n.jpg,primary
57b8d04a-344176359_202843579206435_7220417101647772704_n.jpg,primary
57cc3860-485475197_1227847986010201_4863226748305570969_n.jpg,primary
57cff1c8-655899363_27002447026025191_2060664650514273783_n.jpg,primary
580f63f2-3_ezgif.com-resize.jpg,primary
58989111-694411382_981620984379201_7289706687609715131_n.jpg,primary
59630a74-70713970_2515191561883826_8154082736731062272_n.jpg,primary
59b727d5-Screenshot_2026-05-22_at_14.31.15.png,primary
59edd14f-9782188391_f0a863debb_b.jpg,primary
5a3bae2c-Screenshot_2026-05-24_at_12.55.33.png,primary
5ac6141f-415987721_695469799369242_908166849600666868_n.jpg,primary
5b056ae7-Screenshot_2026-05-29_at_10.45.14.png,primary
5b0c5308-Screenshot_2026-05-22_at_18.46.20.png,primary
5b6907ea-509658040_122161512986516484_8785436705382281099_n.jpg,primary
5bc05adb-59663775_2589468544461798_370264762606419968_n.jpg,primary
5bfd00ea-Screenshot_2026-05-29_at_15.11.50.png,primary
5c046eaa-post-placeholder.jpg,primary
5c0bb6ee-481063181_651254690627419_5879509065845272683_n.jpg,primary
5c1bcbbb-55905154_2220727481330237_7377383127255089152_n.jpg,primary
5c85085c-hhvytf654.jpeg,primary
5ca4c025-513722181_24088103474117442_8267290565271288150_n.jpg,primary
5cd9f405-images-2.jpeg,primary
5d0bcda0-idIXDq6E50_1779444483666.png,primary
5d479e07-1750156397054.jpeg,primary
5d842ccb-blobid1588151796578.jpg,primary
5d84f455-92950_na.jpg,primary
5e636899-award2-scaled.jpg,primary
5e868f42-40282039_2060267773984498_5004416565253242880_n.jpg,primary
5e97e7a8-498302812_3280052088801878_2691326226713768626_n.jpg,primary
5efe5203-541634284_1212832054220948_1487806425533597139_n.jpg,primary
5f1bca06-Screenshot_2026-05-06_at_11.37.25.png,primary
5f26f651-469526855_122126425808516484_313819193220445568_n.jpg,primary
5f60c3b9-images_1.jpeg,primary
5fbd4254-507456098_24005643292363461_3161886045269533558_n.jpg,primary
5fcf4c08-Screenshot_2026-05-29_at_15.12.21.png,primary
60260eb3-Screenshot_2026-05-29_at_17.28.35.png,primary
603ceb0a-Screenshot_2026-04-30_at_10.20.27.png,primary
60434ce0-515318345_24393935533524403_3016335794819994054_n.jpg,primary
6138b311-514403855_1202750075224272_5254542723948193908_n.jpg,primary
613bdaa8-76579497_906.jpg,primary
623da388-Copia_di_CORONAVIRUSMALTA_sito.jpg,primary
6286bc87-488138902_9408993162471141_1036300666636222157_n.jpg,primary
629ad30c-484958804_1227846702676996_10735097347697486_n.jpg,primary
63092026-marsascala-go-outlet.png,primary
637d17e2-488008172_1099351595564121_3962252349163723599_n.jpg,primary
63fe369e-EveryMatrix-IZIBET.jpg,primary
64305873-moscow-russia-january-hotpoint-ariston-logo-fridge-door-company-manuf_nE91oaH.jpg,primary
6473acc8-Screenshot_2026-05-24_at_12.53.50.png,primary
64a5889c-Hotpoint-Ariston-Logo.png,primary
64a7c5af-510508613_29920031254312158_2702276633668361759_n.jpg,primary
64ff567f-Screenshot_2026-05-24_at_11.37.48.png,primary
65bbede4-Screenshot_2026-05-24_at_11.39.24.png,primary
6733dcb5-480309892_1021830379976028_4560237880854472458_n.jpg,primary
676e6194-510965374_29920028874312396_3000743777634172073_n.jpg,primary
677079c6-116434912_3649766115053278_2987641352919048428_n.jpg,primary
67822315-1200x847.jpg,primary
67b288bc-Screenshot_2026-05-22_at_11.46.23.png,primary
67ca63db-480690149_645051684581053_8286904615886975164_n.jpg,primary
681185c5-493821877_1213268820802303_1642315699730707014_n.jpg,primary
68598b5f-Screenshot_2026-05-29_at_15.06.50.png,primary
68782436-2026-05-20.jpg,primary
68866573-473606002_9084625554940361_3644683299017679205_n.jpg,primary
68ce82c1-1101038372_PREVIEW.jpeg,primary
691af710-481234410_946266877642730_5827961658905801750_n.jpg,primary
6990fd1e-channels4_profile.jpg,primary
69e172a5-485310702_3045321248960126_8602798091927989131_n.jpg,primary
6a91478b-Screenshot_2026-05-22_at_14.33.07.png,primary
6ab63c44-47015832_1464021447061532_8935234655334957056_n.jpg,primary
6be16ec9-480910400_646628407878462_4797109812177102728_n.jpg,primary
6c2f4e23-Screenshot_2026-04-29_at_16.03.05.png,primary
6c7652f0-491144256_1235835981880953_7926580593203764449_n.jpg,primary
6c76fa73-509424301_24030230463238077_8000848793289107301_n.jpg,primary
6cd158e6-480348860_967230095499968_275606984404327872_n.jpg,primary
6d1a2713-40231295_1-nestle-kit-kat-4-crisp-finger-covered-wafer-milk-chocolate.jpg,primary
6d7e9fa0-490578282_1233404818790736_1115435883802855730_n.jpg,primary
6d95ef10-472598800_3504468786356860_3394667860321548537_n.jpg,primary
6e24562c-485176339_1227846626010337_3455293306604257899_n.jpg,primary
6e28a2c0-541733104_1099086909007527_4414622464905114034_n.jpg,primary
6e4ce8a9-Screenshot_2026-05-23_at_20.30.34.png,primary
6e6dbd24-58461705_2573217082753611_173312427293671424_n.jpg,primary
6ea6add9-images_2.jpeg,primary
6eac7ee8-Screenshot_2026-05-22_at_18.51.54.png,primary
6eb61925-DOI-PIC-e1704720998230.jpg,primary
6ef3d342-337864253_1293292844864397_1230559504211621267_n.png,primary
6f1a0aea-489041360_9692647967422899_6151158967837167945_n.jpg,primary
6f3facf1-705312802_1461278072704803_5051721324697085997_n.jpg,primary
6f50e6b8-550429639_1373933134737903_345233414863011859_n.jpg,primary
6f53a99e-images_4.jpeg,primary
6fa30960-Screenshot_2026-05-24_at_10.54.31.png,primary
6fade51a-Screenshot_2026-05-22_at_18.46.49.png,primary
6fc6c231-622150600_1205335895044901_2120268089210985923_n.jpg,primary
6ff2ee5e-514483001_24365015593083064_4003755282128609291_n.jpg,primary
704336b2-Screenshot_2026-05-24_at_11.57.24.png,primary
70b5041b-top-stars-january-brands-pama-pavi.jpg,primary
712b7ee9-482960377_1039422911550108_2101234097793231523_n.jpg,primary
717e4664-509598986_9993265804043871_8065727649026553790_n.jpg,primary
719751bb-494375756_1019932713589614_2535362814373840227_n.jpg,primary
7373dae1-ScratchiZ-DIGI_About-Banner-2_copy.png,primary
73859db6-464086650_8708299755857730_7460454216192315906_n.jpg,primary
73a259a6-Screenshot_2026-05-23_at_16.34.13.png,primary
73ae5c44-501797335_1241213464674505_916438049385503439_n.jpg,primary
73ffb8a2-81djbbqJgML._AC_UF350350_QL80_.jpg,primary
7488a36c-page_1_thumb_large.webp,primary
74938324-VisitMalta-1568x257-1.jpg.jpg,primary
74ac6892-486536954_3051536165005301_3347173776135184939_n.jpg,primary
74ae70f9-Screenshot_2026-05-22_at_14.39.24.png,primary
74f0a164-699073039_1414986607341905_684322729406154183_n.jpg,primary
7593afe2-471226563_10160924188778367_1548334677618780005_n.jpg,primary
75cabd7c-hotpoint-logo-png_seeklogo-320804.png,primary
7666931b-489926792_1106891538148334_7159565415464062053_n.jpg,primary
76da9180-Screenshot_2026-05-24_at_11.08.37.png,primary
76e7b00d-702343237_1420322500141649_3633311810213589275_n.jpg,primary
77114a88-Screenshot_2026-05-29_at_10.32.41.png,primary
7756f1c4-Screenshot_2026-05-23_at_20.26.49.png,primary
7762ad62-Screenshot_2026-05-30_at_19.08.43.png,primary
7781e059-516237210_1182594983906448_4368763678666941393_n.jpg,primary
78032dd0-Screenshot_2026-05-29_at_17.27.49.png,primary
783d2fda-29.jpeg,primary
786bb6e8-702732185_122206132628516484_1639499567541012761_n.jpg,primary
789d7ca4-1774530196995.jpeg,primary
78df83bc-6994530768e0719bb502a980_Share_Image-CISK-Christmas-Campaign-2025.jpg,primary
792a95d4-482020295_1217666417028358_5627741857654673053_n.jpg,primary
792d9adb-611857518_1275313664627697_506227126175764623_n.jpg,primary
7948efa7-673121050_1521598909969291_6125123900355110829_n.jpg,primary
7975b2c9-480661442_641121871762449_5925857682980926595_n.jpg,primary
79a1d31d-Screenshot_2026-05-29_at_14.05.50.png,primary
79a592e3-484375516_3040260582799526_3647619745687359744_n.jpg,primary
79acbfed-Screenshot_2026-05-29_at_10.45.47.png,primary
79ae9086-kyudlud.jpeg,primary
7a04bf1f-Screenshot_2026-05-31_at_22.28.14.png,primary
7a4679e9-516542762_24401281289456494_5309613689164834358_n.jpg,primary
7a4a00e3-20221122081403.Q1JSv3.jpg,primary
7a8f1833-580522223_1298759765623302_7174781210834281110_n.jpg,primary
7aadcd63-unnamed.jpg,primary
7adf409d-Screenshot_2026-05-30_at_19.08.25.png,primary
7af7fdf7-images_1.jpeg,primary
7b29f3c1-58461074_2573217282753591_2555235031194796032_n.jpg,primary
7b41698e-Screenshot_2026-05-30_at_19.10.39.png,primary
7ba6a385-samara-russia-january-6-2018-260nw-789050620.jpg,primary
7bb6405d-0_GettyImages-2270406587.jpg.jpg,primary
7c518adc-Screenshot_2026-05-31_at_22.21.09.png,primary
7c965ca2-506632121_3136580179834232_1601588541897789055_n.jpg,primary
7c9e02d0-486461174_1095422385957042_9162007988285491371_n.jpg,primary
7cb7e316-69035460_2484721724930810_7714840687681732608_n.jpg,primary
7ce1f2e2-Screenshot_2026-05-29_at_17.31.50.png,primary
7d48bd7a-515309341_24390907457160544_1585929554991273773_n.jpg,primary
7d97f963-506056603_721923533682282_401078751946408881_n.jpg,primary
7dbbcdb3-VIRTU-585x306.jpg,primary
7e1557f1-506384567_24098011153169199_5802098840418560109_n.jpg,primary
7e6e79dd-1729847160906.jpeg,primary
7f17d284-510289299_24024888590438931_1106158491944552651_n.jpg,primary
7f27d850-Sliema-Phone-Box.png,primary
7f43f0e9-464171248_8713359445351761_3007663517459812163_n.jpg,primary
7f4ae34a-480694779_938772501725501_3327546231390308361_n.jpg,primary
7f648006-AQ113F497E_1_Supersize.jpg,primary
80047f37-Quaterno-1024x546.png,primary
8071f885-709137513_1300787962166360_6541209841609463733_n.jpg,primary
80aeb186-577e81f9-c5d5-488a-bf6d-3b36e137a8e7_rw_1920.jpg,primary
80e2d13b-1634024761879.jpeg,primary
815b17e1-roksana-shahanska-goalkeeper-crvena-zvezda-beaten-1-0-440nw-14694696bl.jpg,primary
8190af49-181680205_4079965418691210_2115361326413996896_n.jpg,primary
81ec1232-475786147_1009940054498394_8438108859696326826_n.jpg,primary
8227af27-Screenshot_2026-05-31_at_23.03.44.png,primary
8227fa06-unnamed.jpg,primary
829685da-506612417_1151297943707693_8561174067390510590_n.jpg,primary
82a24083-pavi-pama.png,primary
82eb5ccc-568422616_122179287884516484_6257231182228475636_n.jpg,primary
82ffaec4-1750063815-wMFcsQlKm_lg.jpg,primary
832909b9-Screenshot_2026-05-23_at_21.39.20.png,primary
835982f1-472885921_612613024613334_3257061166796422289_n.jpg,primary
835e7a47-Screenshot_2026-05-29_at_17.34.38.png,primary
83be36c6-new-gozo-outlet-1.png,primary
843d1c1a-Screenshot_2026-05-23_at_21.38.07.png,primary
8462ee02-Screenshot_2026-05-23_at_20.30.12.png,primary
847c12f1-516593298_24402565082661448_4058340839522751881_n.jpg,primary
8483a533-482211285_1217666293695037_4043463516385111353_n.jpg,primary
856033e6-504345593_122158703774516484_9139276988123115357_n.jpg,primary
8585ddc9-Screenshot_2026-05-24_at_11.57.49.png,primary
859fc903-492251292_1240924264705458_1426066487077435270_n.jpg,primary
85ad5cc2-648663090_1239359121642578_6573574073234220321_n.jpg,primary
85cdaeb3-119969210_3294632390583951_7391797106108084246_n.jpg,primary
86ea6b8d-654580460_26952609511008943_8286721623153123079_n.jpg,primary
8707a2b2-Screenshot_2026-05-29_at_17.29.44.png,primary
871d66c4-images.jpeg,primary
87912956-464185702_8861937750536454_7244477082877365293_n.png.jpeg,primary
879878d9-blobid1583909028869.jpg,primary
879e0156-491302576_1234010865396798_6481797108345684088_n.jpg,primary
87ce3cbc-337279864_550946633773252_5913850380624951655_n.png,primary
87e46a30-516074483_1182581493907797_808579623607501913_n.jpg,primary
88764037-Screenshot_2026-05-29_at_11.15.39.png,primary
889ac7f5-141380736_3598348636868985_8047156111238813010_n.jpg,primary
88cedc68-Qormi-Pavi.png,primary
88cf8f0b-Kit-Kat-Logo-2017.jpg,primary
88d67b8e-images-4.jpeg,primary
88dc317d-705320706_1461268586039085_5644361631315819100_n.jpg,primary
89039880-Screenshot_2026-05-31_at_22.28.24.png,primary
890fe9e5-Screenshot_2026-05-31_at_23.05.25.png,primary
8911c590-images.png,primary
89205e6f-8929.jpeg,primary
89986196-605193528_1458592432938639_2562336723987768795_n.jpg,primary
89ce1103-594521891_1406902004772316_6368019223426489962_n.jpg,primary
89e567ad-images-9.jpeg,primary
89ec502e-DSC_0364.jpg,primary
8ac7cb7e-656303925_26988249247444969_1628785464588896319_n.jpg,primary
8ac95a8c-464184376_8713006588720380_7058084153149194488_n.jpg,primary
8aeaa0f2-503663760_10006410992761808_4640329934852300967_n.jpg,primary
8b4b4023-virtu_nave.jpg,primary
8b703dbf-476637800_633464315861538_2681389420581507225_n.jpg,primary
8b99fe9b-BOV-Image.jpg,primary
8bd10ba4-500809581_1241204334675418_801831702368090235_n.jpg,primary
8c306a3d-Screenshot_2026-05-24_at_10.47.26.png,primary
8c8ef8cc-514867383_122162628242516484_850173084392000779_n.jpg,primary
8d047c82-AQ113D697E_2_supersize.jpg,primary
8d11585a-Screenshot_2026-05-24_at_11.40.47.png,primary
8dbd8272-486315929_3219232474883840_2131022348964877592_n.jpg,primary
8ddc1d57-655747848_26982261264710434_5419146094366635792_n.jpg,primary
8de314b4-464193247_8713359458685093_565999999829089568_n.jpg,primary
8e7a4d6e-image.jpg,primary
8ed7567e-474534803_9256918137662553_6177211639444917406_n.jpg,primary
8f265123-Screenshot_2026-05-27_at_19.32.52.png,primary
8f5afe8e-bovapp.png,primary
902ac7c2-42646738_1232242410249533_534980297461071872_n.jpg,primary
904d48d6-495471756_710986848109284_5100671759213890423_n.jpg,primary
9083ddad-77114864_2669884066414574_8316657604050812928_n.jpg,primary
90b136c3-654070070_26982261054710455_8029882069792270474_n.jpg,primary
91304a1c-498827384_1130998955737515_2849647045003457792_n.jpg,primary
91654ecd-Screenshot_2026-05-24_at_11.37.08.png,primary
91771927-images-4.jpeg,primary
91ac6352-482244269_1097406929097542_4591814186887241240_n.jpg,primary
92213f80-Screenshot_2026-05-29_at_18.32.31.png,primary
9264531c-Screenshot_2026-05-29_at_10.33.08.png,primary
92751435-virtu-beta-138-6667.png,primary
9356f661-492384790_122245254458028697_7896131111517628444_n.jpg,primary
9391b4b9-Screenshot_2026-04-29_at_16.12.03.png,primary
9400c24a-Screenshot_2026-05-31_at_23.06.07.png,primary
9408ec4b-Screenshot_2026-05-31_at_23.01.55.png,primary
942b38ad-F85hu73qz7MwGcSrwziEtR.jpg,primary
9439f23f-510571633_24043391548588635_8776051886046550255_n.jpg,primary
951670fa-487072094_9500726106663635_7543552035043229200_n.jpg,primary
9561ce35-Screenshot_2026-05-29_at_14.09.57.png,primary
95a1b7f5-Screenshot_2026-05-24_at_11.57.37.png,primary
95a9b87f-318155980_2845315182272227_8910124233877340270_n.png,primary
95cf5eb8-484325792_1223826179745715_3409910127986785167_n.jpg,primary
9774cde3-487080754_9502352719834307_1558014744628992091_n.jpg,primary
978d07a6-547639812_122173447886516484_3850715387644135773_n.jpg,primary
98504c37-515710042_24402564149328208_4251915353900209741_n.jpg,primary
98522f02-Screenshot_2026-05-31_at_22.16.54.png,primary
98551fe2-Screenshot_2026-05-29_at_10.34.08.png,primary
9877fc8c-742533ae-7da3-4204-8daf-34cf42bb51f2.jpg,primary
98e28dfe-481044222_951487557096404_7195198735249128195_n.jpg,primary
98f2071f-1920-X-10803-1024x576.jpg,primary
9909a09e-559354803_1287436576761242_507401721227071098_n.jpg,primary
9932ca7e-Screenshot_2026-05-30_at_19.09.52.png,primary
99383d9e-Screenshot_2026-05-22_at_14.30.26.png,primary
997fcf1b-464293357_8724451224242583_4859033133192945402_n.jpeg,primary
9a041039-681881720_1404001891773710_4620253598959874821_n.jpg,primary
9ac992f3-473750217_996031895889210_1347098459708593722_n.jpg,primary
9b4871d1-file.aspx.jpeg,primary
9b5d2395-31949082_1777935658916716_8552179445761310720_n.jpg,primary
9c22b9f5-dec.jpeg,primary
9c61c1c8-Screenshot_2026-05-22_at_18.46.37.png,primary
9cacfa34-malta-nso.jpg,primary
9cad2b08-Screenshot_2026-05-29_at_19.21.14.png,primary
9d29c4f8-Screenshot_2026-05-29_at_11.15.27.png,primary
9d39d004-515548817_24365015343083089_4123767255333779443_n.jpg,primary
9d608c45-491754324_1129654569206111_4297134072773573732_n.jpg,primary
9daadb75-131366148_10157856831378367_8219454067343802106_n.png,primary
9db2b65b-Frontpages_web_1200x763-copy-2-4.jpg,primary
9e03f603-images-4.jpeg,primary
9e327853-467717506_122123111432516484_3814103982351592176_n.jpg,primary
9e492e6a-Screenshot_2026-05-22_at_14.38.18.png,primary
9e62d663-Screenshot_2026-05-22_at_14.42.33.png,primary
9e659dab-Screenshot_2026-05-29_at_14.09.18.png,primary
9f17b9a2-505363979_10161465651473367_7046079039609573213_n.jpg,primary
9f98cc9f-464293416_8718196481534724_4718962745384836092_n.png,primary
9fd5d57c-477567473_633469555861014_8558627272762354481_n.jpg,primary
9fe81a6e-481917284_1158268652636302_4149686590760414697_n.jpg,primary
a01da0f6-42959621_2099716660039609_2003613809930928128_n.jpg,primary
a0ffed3a-509604860_24037261862534937_8435210067584610496_n.jpg,primary
a10c383a-Screenshot_2026-05-31_at_23.02.45.png,primary
a148c2e1-528742740_764978916043410_8121379704733932815_n.jpg,primary
a15667c0-Screenshot_2026-05-31_at_22.29.08.png,primary
a176b66b-515230725_24374811892103434_8086442993030805726_n.jpg,primary
a18d309a-497006786_710986794775956_1350395512553712585_n.jpg,primary
a2020dd2-469059184_10160854980143367_2763150018010230549_n.jpg,primary
a23767f9-468340220_10161043724853978_2101396522414034949_n.jpg,primary
a276b55e-572375201_1219005720263763_4380096399162728189_n.jpg,primary
a288862a-485091549_1039591994871804_8315649247845699348_n.jpg,primary
a2cc91ef-480938510_1154021873060980_5582495709389935904_n.jpg,primary
a30fc1be-Screenshot_2026-05-29_at_17.32.37.png,primary
a36483df-337727248_1188596295177701_8103088129872711397_n.png,primary
a379e266-703098302_122206132700516484_2859822993899953838_n.jpg,primary
a443c926-go-company-building.jpg,primary
a4602eca-685908857_1278261294419027_1173841447926293028_n.jpg,primary
a4f316df-logo-birds.jpg,primary
a572d26d-514650185_24123276543933468_7029938240086692388_n.jpg,primary
a61769f6-98622D5F-F8B5-4B84-9D15-05B5383CFDA5.jpeg,primary
a6260a1d-Screenshot_2026-05-31_at_23.02.55.png,primary
a64bdb6b-wasteserv_logo.png,primary
a6619305-59325857_2587084948033491_7890372805613584384_n.jpg,primary
a68af01e-Screenshot_2026-05-22_at_18.46.03.png,primary
a715dde0-dscf3249.jpg,primary
a780f56a-48382960_2420042611358974_5833978885611454464_n.jpg,primary
a7cee6fe-494055434_1264513492343650_1060617064999005267_n.jpg,primary
a80485da-images.png,primary
a81112e8-481897856_1209712154490451_39766411157043791_n.jpg,primary
a817a141-488187579_10161200221428367_4474386875378382048_n.jpg,primary
a819c920-476375382_1072793421558893_1505954758651594148_n.jpg,primary
a81f9de1-Screenshot_2026-05-24_at_11.38.57.png,primary
a83cd8c1-364782_800x.jpg,primary
a85ab69e-473827134_9088923364510580_4469649985301385886_n.jpg,primary
a860471c-Screenshot_2026-04-23_at_16.53.56.png,primary
a8d355e6-655894578_27009774328625794_4495227906257513005_n.jpg,primary
a8ea2349-blobid1583908698751.jpg,primary
a90cfc74-88177401_3271353722894521_290036122136870912_n.jpg,primary
a94cdc9a-Screenshot_2026-05-22_at_18.53.28.png,primary
a99daf35-Screenshot_2026-05-30_at_19.09.16.png,primary
a9fe881d-images-3.jpeg,primary
aa35476f-Screenshot_2026-05-24_at_10.47.09.png,primary
aaac38a7-Screenshot_2026-05-27_at_19.35.54.png,primary
aac480ba-Screenshot_2026-05-29_at_10.32.54.png,primary
ab323263-493906089_1223553956440456_7188346324834371759_n.jpg,primary
ab4ee775-images-4.jpeg,primary
ab6cf4dc-507654934_3141683042657279_3556564175646351311_n.jpg,primary
ab7a9792-81oWh21IMsL._AC_UF8941000_QL80_.jpg,primary
ac354478-481924519_653708580382030_11065431776585844_n.jpg,primary
ac56169b-Screenshot_2026-05-31_at_17.48.27.png,primary
ac68dcf7-GO-Brand-Mantra-TEXT-ONLY-ORANGE.png,primary
accc9cd8-490018483_9455612391142551_6114228312209936625_n.jpg,primary
acddf46b-511809283_1262845125844672_3692300509259213254_n.jpg,primary
ada62449-515448281_24124059933855129_7766339747989173363_n.jpg,primary
adb12527-pavipama340x300.jpg,primary
adb391e8-Lidl-at-Sandford-4-850x478.jpg,primary
adfee916-Screenshot_2026-04-23_at_16.38.35.png,primary
ae2ad0b1-Screenshot_2026-05-23_at_16.48.45.png,primary
ae902e80-Schermata-2024-06-03-alle-15.25.10.png,primary
af6917c7-ScratchiZ-DIGI_Before-After-Cards_Golden-Ticket_A.jpg,primary
af77a7bd-508012781_3142027125956204_4473134259968716855_n.jpg,primary
aff8250f-589077005_122184435698516484_1311094886950696370_n.jpg,primary
b0100f1e-Screenshot_2026-05-06_at_11.29.14.png,primary
b04032e2-catamarano.jpg,primary
b04838ba-78588905_2694458313957149_4393296333109198848_n.jpg,primary
b05d1943-Before-After-Tickets_380x285_scratched.png,primary
b0aca451-58978574_2573215616087091_5923861259647713280_n.jpg,primary
b0b08b13-672672583_1521608936634955_8230550350801987599_n.jpg,primary
b0ba3e59-511621589_1262835609178957_544525584562479712_n.jpg,primary
b0c6ccda-images_4.jpeg,primary
b0db8f55-Screenshot_2026-05-29_at_17.32.28.png,primary
b10933b6-490380007_1198249442304241_7809807649068792283_n.jpg,primary
b17f36c3-images_1.jpeg,primary
b182fe12-Screenshot_2026-05-22_at_14.32.56.png,primary
b1874703-486553394_1095422519290362_4994599745749560602_n.jpg,primary
b1ae1e84-DSC1541-1024x602.jpg,primary
b234b7a2-502556604_122157588734516484_8428967626699132710_n.jpg,primary
b23c9d94-photo-1-249-1024x817.jpg,primary
b23d44d2-kitkat-logo-black-and-white-1.png,primary
b24121b5-651834061_1424016439769921_8765733211622745220_n.jpg,primary
b2a7d14e-598967418_1454230236708192_7316949803744204957_n.jpg,primary
b2ddc14f-Screenshot_2026-05-23_at_16.50.40.png,primary
b33d85c7-673525136_1521602456635603_5095543227906491580_n.jpg,primary
b3ac590f-7_GettyImages-2268627412.jpg.jpg,primary
b3f64091-501795685_1241215018007683_3904415022922599830_n.jpg,primary
b46b78f5-file.jpeg,primary
b4844b03-692203567_1375596164599446_1863659763546780115_n.jpg,primary
b48d9645-Ready-Cash-550x400px.png,primary
b4fa3a88-images_3.jpeg,primary
b507cb1f-497759396_1277584084372809_8206769139799549074_n.jpg,primary
b58938ef-Screenshot_2026-04-24_at_14.48.08.png,primary
b5c52ed1-chocolate-kitkat-pack-3-unid-41-5-grs.jpg,primary
b5db1e42-hdmw47.png,primary
b6104113-images-10.jpeg,primary
b6762561-images_1.jpeg,primary
b6ab48e3-Screenshot_2026-05-24_at_11.10.26.png,primary
b77af860-527183216_1205354014963878_6263604270126584995_n.jpg,primary
b7abd46e-492198513_1119775820188365_3749811009350404679_n.jpg,primary
b7cbe2da-479958432_1202186955242971_5149498293623376694_n.jpg,primary
b85d578b-487403622_3053511781474406_3081773183495252317_n.jpg,primary
b8623397-506919827_24113070861663228_6040259623286302486_n.jpg,primary
b8c2431a-509441538_9940557086056576_4746426790350510800_n.jpg,primary
b8c4deda-cellefonic-zurrieq-template.png,primary
b911b7e5-Screenshot_2026-05-24_at_11.20.34.png,primary
ba34d35a-473265856_612614934613143_6287841309968983390_n.jpg,primary
ba6210eb-464683636_8749647675056271_3233846029804830878_n.png,primary
ba622c5a-photo-3-203.jpg,primary
ba9cd0d6-72341555_2561622167240765_4452303093492613120_n.jpg,primary
babb25aa-unnamed.jpg,primary
bb4f99f4-Screenshot_2026-04-30_at_10.11.32.png,primary
bb64eba3-Screenshot_2026-05-24_at_11.57.10.png,primary
bba1bfc7-Screenshot_2026-05-24_at_11.10.47.png,primary
bbc8cdfd-702384164_1421164136724152_5067973828128384816_n.jpg,primary
bc104a45-505764100_722669223607713_8925628025469582570_n.jpg,primary
bc77e5fb-31404206_1448012438637248_8379046865928192000_n.png,primary
bceb0968-0FD8F1F4-75F2-4E35-B07D-CCEFCE533B44.jpeg,primary
bcec0ebc-company-553e4d244a392.jpg,primary
bd314581-566240319_1298096445695255_2050199535764854633_n.jpg,primary
bdab044f-487709691_1190062366456282_5821332674895811594_n.jpg,primary
bdade210-Hotpoint_Win_Sirius_768x512px-v22x.jpg,primary
bdb2c8da-Screenshot_2026-05-27_at_20.13.29.png,primary
bdcb0a20-Screenshot_2026-05-31_at_22.15.00.png,primary
bdccc138-IZIBET_2.jpg,primary
bdea28f9-Screenshot_2026-05-31_at_23.04.34.png,primary
be391210-Screenshot_2026-05-23_at_16.35.50.png,primary
be872185-503486317_9997973476938893_7646912049101421969_n.jpg,primary
bee9e0c9-images-4.jpeg,primary
bf20e7f1-IziBet-Welcome-Offer-Sports-Welcome-Bonus.jpg,primary
bf3cad34-513789538_24085960640998392_4857312571319194495_n.jpg,primary
bf456d1a-485733882_1046130217546044_4486048518880706509_n_copy.jpg,primary
bf493986-Screenshot_2026-05-31_at_17.46.01.png,primary
bf57431d-473550720_613009447907025_6049352040522199757_n.jpg,primary
bfc80c6a-images-4.jpeg,primary
bfe46646-57382185_1373339242806515_6863178102000844800_n.jpg,primary
c02e1548-482244299_953280246941393_2528331156835908408_n.jpg,primary
c085cca9-485955064_1083417613829060_2012428101395569643_n.jpg,primary
c0ca4d8b-Screenshot_2026-04-23_at_16.26.15.png,primary
c1b39f7f-486241038_1095887762577171_905811801409551198_n.jpg,primary
c1c12b5a-484134700_1040677791424620_5496515116029641300_n.jpg,primary
c1fe6444-47_-_go_introduces_ten_new_tv_channels_-_go_logo.png,primary
c217a09b-xlokk-valletta-malta-05-11-260nw-2546728737.jpg.webp,primary
c231ee2f-484848572_1079714647532690_6835706208842378694_n.jpg,primary
c23afef8-464394706_8731586586862380_8325252567379816006_n.png,primary
c24232bb-482081561_1217666757028324_6746772569201922602_n.jpg,primary
c2473ef5-483934266_122178968300264181_6715228879332898788_n.jpg,primary
c249439f-487193649_1099112335588047_958412467554571245_n.jpg,primary
c25752a8-f9260d2100e7153d0ce5a9ea4e9e8bb4_1200x630.jpg,primary
c2f531d1-45443475_2137822326269624_2653806660941774848_n.jpg,primary
c3ba2a53-670864412_1401088675395207_7540092102310503074_n.jpg,primary
c422018a-xlokk-valletta-malta-08-11-260nw-2547093643.jpg.jpg,primary
c42e458a-480718200_661241076417195_252729728323279009_n.jpg,primary
c48f529f-pri_44384714.jpg,primary
c4b8e640-468302787_10160722234908367_6879884912110689801_n.jpg,primary
c51788c0-Screenshot_2026-05-24_at_11.21.17.png,primary
c5824c6c-Screenshot_2026-05-24_at_10.46.38.png,primary
c68f44a6-49896946_2227775400607649_5413203817250422784_n.jpg,primary
c6bc62ea-482223079_1217666400361693_1160083384832852187_n.jpg,primary
c6ca8c87-G5uDRqz34hUDC4dbbsd0Uw.jpg,primary
c6cd8c7b-Screenshot_2026-04-30_at_13.13.44.png,primary
c6f60d75-Screenshot_2026-04-30_at_10.17.04.png,primary
c738b6d3-120553551_3018541974917612_4059482117526997715_n.jpg,primary
c74199a6-485057158_1227846806010319_6824871244967005081_n.jpg,primary
c74db432-491999845_1111560281006798_2682868639249513945_n.jpg,primary
c7809eab-2__61561.jpg,primary
c78c58f4-image.webp,primary
c7985064-703603321_122206132664516484_3342988375808092564_n.jpg,primary
c7f9e8e3-486460196_9541550105905730_9049606299092752762_n.jpg,primary
c8202188-668221603_1262136326031524_5107936708806501531_n.jpg,primary
c87f3129-474204286_1033720742121295_6558924052949756890_n.jpg,primary
c8a8b46d-477027966_3008597679299150_4937231987796238920_n.jpg,primary
c8b8d7fa-Screenshot_2026-05-31_at_17.47.58.png,primary
c8c7129b-510458138_122161513196516484_5879587240534033528_n.jpg,primary
c8fad116-481764942_955830159995477_2878307530986115992_n.jpg,primary
c91dfb47-cisk_fridge_pack.jpg,primary
c9289e97-Screenshot_2026-05-31_at_17.48.59.png,primary
c9e2ebe2-photo-4-150.jpg,primary
c9eb9394-486609543_1087425766753583_4020226318136501779_n.jpg,primary
ca767a78-477275260_947069770875909_8513072967751748583_n.jpg,primary
ca9edcfc-5154_-_super5_sm_news_portals_article_artworks-03.png,primary
cab82f83-Screenshot_2026-05-29_at_17.39.23.png,primary
cac9f944-468726034_10161170312928978_1165890270661900745_n.jpg,primary
cad5c555-images.png,primary
cb2aedd2-Screenshot_2026-05-24_at_12.51.01.png,primary
cbc359ec-471428158_122130777164516484_8439510157664374913_n.jpg,primary
cbe948cc-Virtu-Ferries.jpg,primary
cc04d513-649566210_1239361801642310_7080989298956450385_n.jpg,primary
ccc18ec4-5901.jpg.jpg,primary
ccc44163-Screenshot_2026-05-24_at_11.09.06.png,primary
cce47c35-481241748_646632057878097_2392494366946278624_n.jpg,primary
cd04de2f-480507119_1202186721909661_4157064821771589608_n.jpg,primary
cdf4e2ec-658878680_1562007755934591_7575305178954363647_n.jpg,primary
ce2399e1-556687037_122176200542516484_7656016719767042010_n.jpg,primary
ce27c313-Screenshot_2026-05-22_at_21.41.35.png,primary
ce876b0f-49676565_2267990353264593_1070195899000422400_n.png,primary
ce8c77c1-Nestle-KitKat-Share-Bag-Value-Pack-Milk-Chocolate-Wafer-340g--Crispy-_sp0e8sG.jpg,primary
cf733af5-National-lottery-3-1.jpg.jpg,primary
cf896bbf-25_index.jpg,primary
cfbea132-514367241_24094083596852763_8222695733939205453_n.jpg,primary
d00ac63f-480960847_955093883406831_4850132108944910036_n.jpg,primary
d0c1950a-511018577_1295733279224556_9020392626546821531_n.jpg,primary
d0ced0df-516747670_24401641089420514_3979406261405349079_n.jpg,primary
d1294eca-643392765_26753590897577473_5758561516336605529_n.jpg,primary
d130032f-501016501_1241212788007906_3277829133114550686_n.jpg,primary
d15d3b61-589302531_122184004364516484_8400380503526730761_n.jpg,primary
d1a6c9d9-images.png,primary
d1d2731a-568138141_1213706604121737_7405199314223703752_n.jpg,primary
d27bd5e8-Screenshot_2026-05-22_at_14.35.12.png,primary
d28b5346-79532328_2694457630623884_551513048217550848_n.jpg,primary
d387e79e-512164195_1262844125844772_7233522707400199985_n.jpg,primary
d3b3ef3b-58761463_2573215346087118_3007846020651417600_n.jpg,primary
d3b60290-images.png,primary
d3d4b765-9a18e2e90dae3dbbf7b63beb562098c4.jpg,primary
d3f6ae61-481806586_1217666317028368_5770790425859057388_n.jpg,primary
d4332394-487783616_1051664976992568_2774940194532661312_n.jpg,primary
d47556e2-1.png,primary
d4cf4af7-E9Ss7eii_400x400.jpg,primary
d5165bd3-702836696_1385936476898748_4496443033690769141_n.jpg,primary
d51b6c1e-509421143_24025351373725986_1358905977041973041_n.jpg,primary
d527d8a2-Screenshot_2026-05-29_at_15.12.10.png,primary
d552dd1b-512780950_24208088625494784_4441850570915392349_n.jpg,primary
d5802c4c-542751007_122172015668516484_1329380987274679081_n.jpg,primary
d5a5377d-Screenshot_2026-05-29_at_17.26.44.png,primary
d5a60e30-513891416_10052881954748922_5343292824104416902_n.jpg,primary
d5b16ddf-501037710_1241207371341781_19180345352827255_n.jpg,primary
d5e5fe5d-Screenshot_2026-05-24_at_12.48.05.png,primary
d5f5c19d-485309100_1227848249343508_7202889086424715694_n.jpg,primary
d6bbce22-512202054_1262843119178206_7059093446779635374_n.jpg,primary
d6e15f7b-484093464_1039269834898749_5008477025921861957_n.jpg,primary
d77b3178-484049640_1079538624216882_4046472259002672524_n.jpg,primary
d835a882-Screenshot_2026-05-29_at_15.06.59.png,primary
d84e77e7-Screenshot_2026-05-24_at_11.57.34.png,primary
d869b7ba-508024177_24132578716379109_2524814881262587595_n.jpg,primary
d86a858e-Screenshot_2026-04-30_at_13.19.22.png,primary
d8af2c64-Screenshot_2026-05-24_at_12.51.30.png,primary
d8cd4f04-512682391_29935755612739722_956069738397075646_n.jpg,primary
d8d1f04b-649972238_1239360294975794_1590986759135062127_n.jpg,primary
d957907d-480550058_637900918751211_3720512133138894239_n.jpg,primary
d9e4c9a1-Lidl_stills_campaign_Always_Lidl_on_Price_food_photography_-_Nancy_An_syRp0jC.jpg,primary
da1875de-Screenshot_2026-04-27_at_21.28.55.png,primary
da432af6-581529966_1298772222288723_6501941915408911995_n.jpg,primary
da4f17fa-virtu_ferries5.jpg,primary
da9debd2-513872587_23937702732539399_375155396529486729_n.jpg,primary
db3ec1fc-495540277_9705320972838357_6206448257330520370_n.jpg,primary
dbdad978-480922850_653453107074244_2857037479853176872_n.jpg,primary
dbdce6c5-GO-AGM-2026-5.jpg,primary
dbe78cde-481899513_1217666670361666_4089963038537066124_n.jpg,primary
dc1a2b95-693872844_1378194751006254_2772602528152538601_n.jpg,primary
dc81f375-images-2.jpeg,primary
dc93d6b1-8F596F84-47BD-4C85-8FD3-66C098526AEB.jpeg,primary
dc948435-images_1.png,primary
dcfb6640-487241241_1096629579169656_8367561118705862099_n.jpg,primary
dd25953a-656951604_1454915702971594_4787921568726104646_n.jpg,primary
dd50aba7-0_222.jpg.jpg,primary
ddd787b4-505876645_1251111643684687_7144584058584393276_n.jpg,primary
ddedd61a-Screenshot_2026-05-29_at_11.15.57.png,primary
ddf4dde3-images_14.jpeg,primary
de6cfbe5-Screenshot_2026-05-31_at_23.02.19.png,primary
de934bd7-507394500_3140980586060858_3293541567742940291_n.jpg,primary
de967d1e-672675329_1521599513302564_3278020497490666280_n.jpg,primary
ded0d1c0-480735292_1202187038576296_7379888366793977499_n.jpg,primary
dede068d-486114143_1084664070371004_3981019411589569471_n.jpg,primary
df1d8a11-Screenshot_2026-05-29_at_17.29.04.png,primary
df33f1e0-xlokk-valletta-malta-sign-virtu-ferries-sign-virtu-ferries-345697211.jpg.webp,primary
df65bc78-482020907_1209712327823767_8641839920127001059_n.jpg,primary
df7487c5-96540558_3195002327177698_2525650647919886336_n.png,primary
df8aca75-unnamed.jpg,primary
df8ec7bc-470470861_10160919324288367_1081074040568385710_n.jpg,primary
dff81aed-485640037_1082737847230370_7539043029771314612_n.jpg,primary
e0aa0b65-580575571_122182188602516484_4028511527965146454_n.jpg,primary
e0b8b448-509380458_24018705091057281_2141361854680157332_n.jpg,primary
e0c98157-Screenshot_2026-05-24_at_11.12.03.png,primary
e1f08eb6-1516855433045.jpeg,primary
e2330145-Screenshot_2026-05-27_at_19.30.19.png,primary
e27e3ce7-487436483_1097955592370388_8929897159587414096_n.jpg,primary
e2ffaeb5-Screenshot_2026-05-27_at_19.43.16.png,primary
e341dbae-493668810_1264513592343640_3477031585981987010_n.jpg,primary
e34d9c13-465916341_9310990795597420_7559852933189395788_n.jpg,primary
e3562129-Screenshot_2026-05-30_at_19.10.27.png,primary
e38d953b-490679484_1233569078774310_3365439036416826630_n.jpg,primary
e3d56de9-bov.jpg,primary
e41c39aa-Screenshot_2026-05-24_at_10.51.19.png,primary
e421ee5b-487334800_1096944205804860_4180125334329601584_n.jpg,primary
e48a06f0-508088105_3142125835946333_5425555785844238288_n.jpg,primary
e48b7334-2166a4387a32a2d3eefeac06db4ada7c4719e3af-1644249212-c14ad5b9-960x640.jpg,primary
e49936ec-Untitled-design-1-1-1024x536.webp,primary
e4bd8384-487207068_1099112418921372_2633330348427028228_n.jpg,primary
e4ea1d1d-image.jpg,primary
e570bbc0-480435721_3014696728689245_1070107759502007639_n.jpg,primary
e5833b5e-471319437_2969157206576531_4636031648410217841_n.jpg,primary
e5c3c00d-images-4.jpeg,primary
e5f47426-487511038_1118160473688854_5463420333696999159_n.jpg,primary
e6228d48-Kepernyofoto-2026-03-29-20.27.31-472x269_c.png,primary
e6494598-Screenshot_2026-05-31_at_23.03.26.png,primary
e66921f1-images-2.png,primary
e67100c4-691088021_1447547637411180_2956180925894923917_n.jpg,primary
e6c12f08-486133627_1232534112208255_1931376065955431700_n.jpg,primary
e79a855e-Screenshot_2026-05-29_at_17.31.26.png,primary
e8017e83-600293831_122186754680516484_4249987763621289170_n.jpg,primary
e84c6934-Screenshot_2026-05-24_at_12.52.46.png,primary
e85e805c-526864576_1202718708560742_1728526875637687444_n.jpg,primary
e8ab3ead-maxresdefault.jpg,primary
e8df9cec-591809262_1404965178299332_5663681306120878887_n.jpg,primary
e8f05791-Screenshot_2026-04-24_at_16.06.19.png,primary
e90c2697-55517471_2511271385614848_2518235678941118464_n.jpg,primary
e977d8be-698f59a3c096153987045d9b-kit-kat-chocolate-candy-bars-6-bars.jpg,primary
ea043ecc-images-13.jpeg,primary
ea06d9bc-file.jpg,primary
ea33e17b-Screenshot_2026-05-24_at_11.12.37.png,primary
ea5226d8-483998574_1223825336412466_1132972966393684145_n.jpg,primary
ea6bd8a1-487124133_9299551273490497_217322284161140835_n.jpg,primary
eae3fcaa-542757147_1294338279029338_8575055862247925958_n.jpg,primary
eb75a73c-482252217_952158493720235_7417503354974550123_n.jpg,primary
ebd5edf2-118766272_10157642971363367_5492725144760161441_n.png,primary
ebd6c708-507208717_9885240978254854_1810937247648860938_n.jpg,primary
ec2cb42c-Screenshot_2026-04-27_at_21.22.28.png,primary
ec2d3eeb-474004249_9249144998439867_1174353030573053207_n.jpg,primary
ec4eb67e-Data-mackdown-2.jpg,primary
ed3b6c86-508883777_24005748459019611_2198588611058440249_n.jpg,primary
ed762033-Screenshot_2026-05-31_at_22.16.42.png,primary
edb4fcf4-485695741_1227848022676864_5862721966955648254_n.jpg,primary
edf41da3-Screenshot_2026-04-24_at_16.25.51.png,primary
ee1c5707-61OZkXuZqFL._AC_SL1500_.jpg,primary
eedcd6ac-656036080_1251444073767416_3468764288131347006_n.jpg,primary
ef038108-rvaevoher.jpeg,primary
ef31e211-480660468_1202186748576325_3162595595994920846_n.jpg,primary
ef8b3326-476834278_634172839124019_6214683218026617068_n.jpg,primary
ef8ce4be-480024916_637897305418239_704154745091911439_n.jpg,primary
efc4a7e8-494985571_1151180763719411_8086469561389752124_n.jpg,primary
f0010401-594034278_1296753115828764_5365625451656103035_n.jpg,primary
f01d4c0c-474005529_618337200707583_9197230957400578839_n.jpg,primary
f0344711-492047176_1240914211373130_813742809413597592_n.jpg,primary
f0367294-517991628_1199222462005028_1184060812644180692_n.jpg,primary
f0435ae2-9559743-banner.jpg,primary
f08be80b-DSC_7141-720x405_1.jpg,primary
f12d3910-480245388_3013020272190224_6569331557765897999_n.jpg,primary
f12d624a-509317927_24012908878303569_3536667415783482069_n.jpg,primary
f19b0950-503754512_10161441421648367_687430931689566811_n.jpg,primary
f21eee10-70504775_2513024982100484_7815843805789159424_n.jpg,primary
f2397ccd-shutterstock_2655544497-800x450.jpg,primary
f27c4c24-337557820_1314543215793312_8379766341463079092_n.png,primary
f30aff5c-493285803_1221833463279172_8143695809084781094_n.jpg,primary
f32c38cc-images_6.jpeg,primary
f35746c5-513412669_24094081846852938_2105754148525100022_n.jpg,primary
f39c2216-516253531_24402565095994780_2623113580231408696_n.jpg,primary
f405e0e6-574575106_1289161539916458_417585683066721032_n.jpg,primary
f4adee3a-KitKat_Japan_Double_Berry_Nuts_5428d51c-1054-4c9f-8b78-eec52c62a782.jpg,primary
f4defeb1-79189134_2694457247290589_8733294922393714688_n.jpg,primary
f5395b0e-unnamed.png,primary
f54369ce-KitKat_Logo.jpg,primary
f57f5ce0-005-Lidl-2.jpg.jpg,primary
f5d41463-466403358_9319622114734288_3397799966568477483_n.jpg,primary
f5d93fe3-Virtu-Ferries-2.jpg,primary
f6099b3f-495580608_9688742021162919_8216173581375685824_n.jpg,primary
f60b1c3b-539245519_1351700620294488_5505819915193564818_n.jpg,primary
f6321c24-Screenshot_2026-05-24_at_11.16.41.png,primary
f63e5da8-643324225_26753590784244151_6363244794623986058_n.jpg,primary
f68a214f-lidl_2.JPG,primary
f69ebb42-default-list.jpg,primary
f6f0e796-64914fda55ece2717e419aef_file.jpeg,primary
f6ff0b1d-504377658_1130845725741159_2257528845467007294_n.jpeg,primary
f731afdd-468662349_10162289874823530_3046920478485070688_n.jpg,primary
f7f2c2fb-images-4.jpeg,primary
f82d152e-515386319_24374812048770085_1244580939098890263_n.jpg,primary
f85707d2-3000.jpg,primary
f8a934d2-Screenshot_2026-04-30_at_13.42.38.png,primary
f8ba37d2-514436299_24365015686416388_7917504758130076419_n.jpg,primary
f933f51d-485394375_1083773287118831_5821230689024268697_n.jpg,primary
f952de3b-500762464_1241208414675010_8350640728250346821_n.jpg,primary
f9f354f1-484263241_1073868791450609_3869075105267897591_n.jpg,primary
fa096e1a-Screenshot_2026-05-24_at_10.54.10.png,primary
fa6447d7-472317532_122131729058516484_979390886329193894_n.jpg,primary
fa7f7a8d-1_copy.png,primary
fa8367d6-473372090_612615151279788_1870885384259534462_n.jpg,primary
fafdf545-Screenshot_2026-05-24_at_12.54.13.png,primary
fb070a82-654471750_26982261451377082_2972783366928059887_n.jpg,primary
fb1b9d2d-page-01_49276f1550bcdcfa9bbddd053b5415dc.jpg,primary
fb6d0af0-473222481_122131735046516484_6894291571867201274_n.jpg,primary
fbd2da8a-425427784_906195141176989_7809660029898487957_n.jpg,primary
fbefdf3b-logotype-hotpoint-ariston-171890930.jpg,primary
fbf173f5-78925138_2694469587289355_4750889928580136960_n.jpg,primary
fc112370-476754404_634730972401539_8109943229971469538_n.jpg,primary
fcf69cbb-LIDL.jpg.jpg,primary
fd986dbe-Screenshot_2026-05-24_at_11.12.54.png,primary
fd9b0c22-cisk_logo-274205_630x630_crop_center.jpg,primary
fdb59927-afa12f95-6d28-4378-b515-00f9c5ba1a54.jpg,primary
fdbad305-54730248_10156519086458978_7071405349235851264_n.jpg,primary
fe109dd2-487219151_1058391276326857_6007157181651273065_n.jpg,primary
fea00478-611162557_1469026318561917_1591486137797555883_n.jpg,primary
feb9d9e7-NSO-LOGO-GDID.jpg,primary
fec082c5-kitkat-4-finger-cookie-dough-milk-chocolate-biscuit-bar-415g-7258818_1.jpg,primary
fed057d3-493322974_1264513882343611_2220845500687450258_n.jpg,primary
ffb6e628-Screenshot_2026-05-31_at_22.57.34.png,primary
ffcb7cdc-images-4.jpeg,primary
