class,train_instances,test_instances,v8n_P,v8n_R,v8n_F1,v8n_mAP50,v11n_P,v11n_R,v11n_F1,v11n_mAP50
bov,561,65,0.033,0.077,0.046,0.009,0.132,0.246,0.172,0.125
national_lottery,298,3,0.32,0.667,0.432,0.755,0.594,1.0,0.746,0.913
izibet,262,18,0.0,0.0,0.0,0.005,0.0,0.0,0.0,0.014
cisk,231,25,0.501,0.04,0.074,0.041,0.128,0.08,0.099,0.039
visit_malta,105,17,0.057,0.014,0.022,0.082,0.452,0.101,0.165,0.152
go,101,3,1.0,0.0,0.0,0.048,0.849,0.333,0.479,0.335
lidl,93,2,0.767,1.0,0.868,0.995,0.695,1.0,0.82,0.995
greens,90,2,1.0,0.0,0.0,0.011,1.0,0.0,0.0,0.033
atlas_inc,69,3,1.0,0.646,0.785,0.995,0.77,1.0,0.87,0.995
bnf_bank,69,2,0.584,0.5,0.539,0.828,0.762,1.0,0.865,0.995
lotto_quanterno,69,3,0.566,0.333,0.419,0.731,0.476,0.667,0.555,0.665
super5,69,3,1.0,0.634,0.776,0.806,0.79,0.667,0.723,0.863
virtue_ferries,69,2,1.0,0.0,0.0,0.0,1.0,0.0,0.0,0.0
