class,instances,TP,FN_background,FN_wrong_class,background_rate,correct_rate
atlas_inc,3,0,0,3,0.0,0.0
bnf_bank,2,1,1,0,0.5,0.5
bov,65,2,63,0,0.9692307692307692,0.03076923076923077
cisk,25,1,24,0,0.96,0.04
go,3,0,3,0,1.0,0.0
greens,2,0,2,0,1.0,0.0
izibet,18,0,18,0,1.0,0.0
lidl,2,2,0,0,0.0,1.0
lotto_quanterno,3,1,1,1,0.3333333333333333,0.3333333333333333
national_loterry,3,2,1,0,0.3333333333333333,0.6666666666666666
super5,3,1,2,0,0.6666666666666666,0.3333333333333333
virtue_ferries,2,0,2,0,1.0,0.0
visit_malta,17,0,16,1,0.9411764705882353,0.0
